id,source,pdf_page,table,original_detail_numbers,class_text,description,requirements,image,status
ntc-127-t01-d01-01,ntc,127,C4.2.XII.a,1,"160
140(1)","Prodotti laminati e estrusi
1) Lamiere e piatti laminati;
2) Lamiere e piatti;
3) Profili cavi senza saldatura, rettangolari e
circolari","Difetti superficiali e di laminazione e spigoli vivi
devono essere eliminati mediante molatura",assets/details/ntc-127-t01-d01-01.png,extracted_not_engineering_validated
ntc-127-t01-d01-02,ntc,127,C4.2.XII.a,2,"160
140(1)","Prodotti laminati e estrusi
1) Lamiere e piatti laminati;
2) Lamiere e piatti;
3) Profili cavi senza saldatura, rettangolari e
circolari","Difetti superficiali e di laminazione e spigoli vivi
devono essere eliminati mediante molatura",assets/details/ntc-127-t01-d01-02.png,extracted_not_engineering_validated
ntc-127-t01-d01-03,ntc,127,C4.2.XII.a,3,"160
140(1)","Prodotti laminati e estrusi
1) Lamiere e piatti laminati;
2) Lamiere e piatti;
3) Profili cavi senza saldatura, rettangolari e
circolari","Difetti superficiali e di laminazione e spigoli vivi
devono essere eliminati mediante molatura",assets/details/ntc-127-t01-d01-03.png,extracted_not_engineering_validated
ntc-127-t01-d02,ntc,127,C4.2.XII.a,4,"140
125(1)","Lamiere tagliate con gas o meccanicamente
4)
Taglio a gas automatico o taglio
meccanico e successiva eliminazione
delle tracce del taglio
5) Taglio a gas manuale o taglio a gas
automatico con tracce del taglio regolari e
superficiali e successiva eliminazione di
tutti i difetti dei bordi","4) Tutti i segni visibili di intaglio sui bordi devono
essere eliminati. Le aree di taglio devono essere
lavorate a macchina. Graffi e scalfitture di
lavorazione devono essere paralleli agli sforzi
4) e 5) Angoli rientranti devono essere raccordati
con pendenza ≤1:4, in caso contrario occorre
impiegare opportuni fattori di concentrazione degli
sforzi.
Non sono ammesse riparazioni mediante saldatura",assets/details/ntc-127-t01-d02.png,extracted_not_engineering_validated
ntc-127-t01-d03,ntc,127,C4.2.XII.a,5,"125
112(1)","Lamiere tagliate con gas o meccanicamente
4)
Taglio a gas automatico o taglio
meccanico e successiva eliminazione
delle tracce del taglio
5) Taglio a gas manuale o taglio a gas
automatico con tracce del taglio regolari e
superficiali e successiva eliminazione di
tutti i difetti dei bordi","4) Tutti i segni visibili di intaglio sui bordi devono
essere eliminati. Le aree di taglio devono essere
lavorate a macchina. Graffi e scalfitture di
lavorazione devono essere paralleli agli sforzi
4) e 5) Angoli rientranti devono essere raccordati
con pendenza ≤1:4, in caso contrario occorre
impiegare opportuni fattori di concentrazione degli
sforzi.
Non sono ammesse riparazioni mediante saldatura",assets/details/ntc-127-t01-d03.png,extracted_not_engineering_validated
ntc-127-t02-d01-01,ntc,127,C4.2.XII.b,6,100,"6) e 7) Prodotti laminati e estrusi (come quelli
di tabella C4.2.XVI.a) soggetti a tensioni
tangenziali","Δτ calcolati con
∆V·S(t)
∆τ =
I·t",assets/details/ntc-127-t02-d01-01.png,extracted_not_engineering_validated
ntc-127-t02-d01-02,ntc,127,C4.2.XII.b,7,100,"6) e 7) Prodotti laminati e estrusi (come quelli
di tabella C4.2.XVI.a) soggetti a tensioni
tangenziali","Δτ calcolati con
∆V·S(t)
∆τ =
I·t",assets/details/ntc-127-t02-d01-02.png,extracted_not_engineering_validated
ntc-127-t03-d01,ntc,127,C4.2.XVI.a,15,100,"15) Bulloni sollecitati a taglio su uno o due
piani non interessanti la parte filettata.
- Bulloni calibrati
- Bulloni normali di grado 5.6, 8.8 e 10.9 e
assenza di inversioni di carico",∆τ calcolati in riferimento all'area del gambo,assets/details/ntc-127-t03-d01.png,extracted_not_engineering_validated
ntc-127-t04-d01,ntc,127,C4.2.XII.d,8,112,"Giunti bullonati con coprigiunti doppi e
8)
bulloni AR precaricati o bulloni precaricati
iniettati",∆σ riferiti alla sezione lorda,assets/details/ntc-127-t04-d01.png,extracted_not_engineering_validated
ntc-127-t04-d02,ntc,127,C4.2.XII.d,9,90,"9)
Giunti bullonati con coprigiunti doppi e
bulloni calibrati o bulloni non precaricati
iniettati",∆σ riferiti alla sezione netta,assets/details/ntc-127-t04-d02.png,extracted_not_engineering_validated
ntc-127-t04-d03,ntc,127,C4.2.XII.d,10,90,"10) Giunti bullonati con coprigiunti singoli e
bulloni AR precaricati o bulloni precaricati
iniettati",∆σ riferiti alla sezione lorda,assets/details/ntc-127-t04-d03.png,extracted_not_engineering_validated
ntc-127-t04-d04,ntc,127,C4.2.XII.d,11,90,"11) Elementi strutturali forati soggetti a forza
normale e momento flettente",∆σ riferiti alla sezione netta,assets/details/ntc-127-t04-d04.png,extracted_not_engineering_validated
ntc-128-t01-d01,ntc,128,PDF-128-T1,12,80,"12) Giunti bullonati con coprigiunti singoli e
bulloni calibrati o bulloni non precaricati
iniettati",Δσ riferiti alla sezione netta,assets/details/ntc-128-t01-d01.png,extracted_not_engineering_validated
ntc-128-t01-d02,ntc,128,PDF-128-T1,13,50,"13) Giunti bullonati con coprigiunti singoli o
doppi con bulloni con precarico in fori di
tolieranza normale. Assenza di inversioni
del carico.",∆σ riferiti alla sezione netta,assets/details/ntc-128-t01-d02.png,extracted_not_engineering_validated
ntc-128-t01-d03,ntc,128,PDF-128-T1,14,50,"14)
Bulloni e barre filettate soggetti a
trazione. Per bulloni di diametro φ>30
mm, si deve adottare una classe ridotta
del coefficiente
ks = (30/φ)0,25","∆σ riferiti alla sezione della parte filettata,
considerando gli effetti dovuti all'effetto leva el
alla flessione ulteriore. Per bulloni precaricati
∆σ possono essere ridotti.",assets/details/ntc-128-t01-d03.png,extracted_not_engineering_validated
ntc-128-t02-d01-01,ntc,128,C4.2.XIII,5,100,"5)
Saldatura manuale a cordoni d’angolo o
a piena penetra-zione
6)
Saldatura a piena penetra-zione manuale
o automatica eseguita da un sol lato, in
particolare per travi a cassone","5) e 6) Deve essere assicurato un corretto contatto
tra anima e piattabanda. Il bordo dell'anima deve
essere preparato in modo da garantire una
penetrazione regolare alla radice, senza
interruzioni",assets/details/ntc-128-t02-d01-01.png,extracted_not_engineering_validated
ntc-128-t02-d01-02,ntc,128,C4.2.XIII,6,100,"5)
Saldatura manuale a cordoni d’angolo o
a piena penetra-zione
6)
Saldatura a piena penetra-zione manuale
o automatica eseguita da un sol lato, in
particolare per travi a cassone","5) e 6) Deve essere assicurato un corretto contatto
tra anima e piattabanda. Il bordo dell'anima deve
essere preparato in modo da garantire una
penetrazione regolare alla radice, senza
interruzioni",assets/details/ntc-128-t02-d01-02.png,extracted_not_engineering_validated
ntc-128-t02-d02,ntc,128,C4.2.XIII,7,100,"7)
Saldatura a cordoni d’angolo o a piena
penetrazione, manuale o automatica,
appartenente ai dettagli da 1) a 6)
riparata","In caso di adozione di metodi migliorativi mediantel
molatura eseguita da tecnici qualificati, integrati dal
opportuni controlli, è possibile ripristinare la classe
originaria",assets/details/ntc-128-t02-d02.png,extracted_not_engineering_validated
ntc-128-t02-d03-01,ntc,128,C4.2.XIII,1,125,"Saldature longitudinali continue
1) Saldatura automatica a piena penetrazione
effettuata da entrambi i lati
2)
Saldatura automatica a cordoni d’angolo.
Le parti terminali dei piatti di rinforzo
devono essere verificate considerando i
dettagli 5) e 6) della tabella C4.2.XVI.a)","1) e 2) Non sono consentite interruzioni/riprese, a
meno che la riparazione sia eseguita da un
tecnico qualificato e siano eseguiti controlli atti a
verificare la corretta esecuzione della riparazione",assets/details/ntc-128-t02-d03-01.png,extracted_not_engineering_validated
ntc-128-t02-d03-02,ntc,128,C4.2.XIII,2,125,"Saldature longitudinali continue
1) Saldatura automatica a piena penetrazione
effettuata da entrambi i lati
2)
Saldatura automatica a cordoni d’angolo.
Le parti terminali dei piatti di rinforzo
devono essere verificate considerando i
dettagli 5) e 6) della tabella C4.2.XVI.a)","1) e 2) Non sono consentite interruzioni/riprese, a
meno che la riparazione sia eseguita da un
tecnico qualificato e siano eseguiti controlli atti a
verificare la corretta esecuzione della riparazione",assets/details/ntc-128-t02-d03-02.png,extracted_not_engineering_validated
ntc-128-t02-d04-01,ntc,128,C4.2.XIII,3,112,"3)
Saldatura automatica a cordoni d’angolo
o a piena penetrazione effettuata da
entrambi i lati, ma contenente punti di
interruzione/ripresa.
4)
Saldatura automatica a piena
penetrazione su piatto di sostegno, non
contenente punti di interruzione/ripresa","4) Se il dettaglio contiene punti di
interruzione/ripresa, si deve far riferimento alla
classe 100",assets/details/ntc-128-t02-d04-01.png,extracted_not_engineering_validated
ntc-128-t02-d04-02,ntc,128,C4.2.XIII,4,112,"3)
Saldatura automatica a cordoni d’angolo
o a piena penetrazione effettuata da
entrambi i lati, ma contenente punti di
interruzione/ripresa.
4)
Saldatura automatica a piena
penetrazione su piatto di sostegno, non
contenente punti di interruzione/ripresa","4) Se il dettaglio contiene punti di
interruzione/ripresa, si deve far riferimento alla
classe 100",assets/details/ntc-128-t02-d04-02.png,extracted_not_engineering_validated
ntc-128-t02-d05,ntc,128,C4.2.XIII,8,80,"8)
Saldatura longitudinale a cordoni d’angolo
a tratti",∆σ riferiti alle tensioni nella piattabanda,assets/details/ntc-128-t02-d05.png,extracted_not_engineering_validated
ntc-128-t02-d06,ntc,128,C4.2.XIII,1,71,"(6
Saldatura longitudinale a piena
penetrazione, a cordoni d’angolo e a
tratti, con lunette di scarico di altezza non
maggiore di 60 mm. Per lunette di
altezza maggiore vedere dettaglio 1)
della tabella C4.2.XV)",Δσ riferiti alle tensioni nella piattabanda,assets/details/ntc-128-t02-d06.png,extracted_not_engineering_validated
ntc-129-t01-d01,ntc,129,PDF-129-T1,10,"125 (a)
112 (b)
90 (c)","10)
Saldatura
longitudinale
a
piena
penetrazione","(a) Entrambe le facce molate in direzione deglil
sforzi e controlli non distruttivi al 100%
(b) Come saldata, assenza di interruzioni/riprese
(c) Con interruzioni/riprese",assets/details/ntc-129-t01-d01.png,extracted_not_engineering_validated
ntc-129-t01-d02,ntc,129,PDF-129-T1,11,"140 (a)
125 (b)
90 (c)","11) Saldatura longitudinale automaticadi
composizione in sezioni cave circolari o
rettangolari,
in
assenza
!p
interruzioni/riprese","(a) Difetti entro i limiti della UNI EN 1090.
Spessore t≤12,5 mm e controlli non distruttivi al
100%
(b) Come saldata, assenza di interruzioni/riprese
(c) Con interruzioni/riprese",assets/details/ntc-129-t01-d02.png,extracted_not_engineering_validated
ntc-129-t02-d01-01,ntc,129,C4.2.XIV,1,112,"Saldature senza piatto di sostegno
1) Giunti trasversali in piatti e lamiere
2) Giunti di anime e piattabande in travi
composte eseguiti prima dell'assemblaggio
3) Giunti trasversali completi di profili laminati,
in assenza di lunette di scarico
4)
Giunti trasversali di lamiere e piatti con
rastremazioni in larghezza e spessore con
pendenza non mag-giore di 1:4. Nelle
zone di transi-zione gli intagli nelle
saldature devono essere eliminati
Per spessori t>25 mm, si deve adot-tare una
classe ridotta del coefficiente
k = (25/t)0,2","Saldature effettuate da entrambi i lati, molate in|
direzione degli sforzi e sottoposte a controlli non
distruttivi
Le saldature devono essere iniziate e terminate su
tacchi d'estremità, da rimuovere una voltal
completata la saldatura
I bordi esterni delle saldature devono essere
molati in direzione degli sforzi
3) Vale solo per profilati tagliati e risaldati",assets/details/ntc-129-t02-d01-01.png,extracted_not_engineering_validated
ntc-129-t02-d01-02,ntc,129,C4.2.XIV,2,112,"Saldature senza piatto di sostegno
1) Giunti trasversali in piatti e lamiere
2) Giunti di anime e piattabande in travi
composte eseguiti prima dell'assemblaggio
3) Giunti trasversali completi di profili laminati,
in assenza di lunette di scarico
4)
Giunti trasversali di lamiere e piatti con
rastremazioni in larghezza e spessore con
pendenza non mag-giore di 1:4. Nelle
zone di transi-zione gli intagli nelle
saldature devono essere eliminati
Per spessori t>25 mm, si deve adot-tare una
classe ridotta del coefficiente
k = (25/t)0,2","Saldature effettuate da entrambi i lati, molate in|
direzione degli sforzi e sottoposte a controlli non
distruttivi
Le saldature devono essere iniziate e terminate su
tacchi d'estremità, da rimuovere una voltal
completata la saldatura
I bordi esterni delle saldature devono essere
molati in direzione degli sforzi
3) Vale solo per profilati tagliati e risaldati",assets/details/ntc-129-t02-d01-02.png,extracted_not_engineering_validated
ntc-129-t02-d01-03,ntc,129,C4.2.XIV,3,112,"Saldature senza piatto di sostegno
1) Giunti trasversali in piatti e lamiere
2) Giunti di anime e piattabande in travi
composte eseguiti prima dell'assemblaggio
3) Giunti trasversali completi di profili laminati,
in assenza di lunette di scarico
4)
Giunti trasversali di lamiere e piatti con
rastremazioni in larghezza e spessore con
pendenza non mag-giore di 1:4. Nelle
zone di transi-zione gli intagli nelle
saldature devono essere eliminati
Per spessori t>25 mm, si deve adot-tare una
classe ridotta del coefficiente
k = (25/t)0,2","Saldature effettuate da entrambi i lati, molate in|
direzione degli sforzi e sottoposte a controlli non
distruttivi
Le saldature devono essere iniziate e terminate su
tacchi d'estremità, da rimuovere una voltal
completata la saldatura
I bordi esterni delle saldature devono essere
molati in direzione degli sforzi
3) Vale solo per profilati tagliati e risaldati",assets/details/ntc-129-t02-d01-03.png,extracted_not_engineering_validated
ntc-129-t02-d01-04,ntc,129,C4.2.XIV,4,112,"Saldature senza piatto di sostegno
1) Giunti trasversali in piatti e lamiere
2) Giunti di anime e piattabande in travi
composte eseguiti prima dell'assemblaggio
3) Giunti trasversali completi di profili laminati,
in assenza di lunette di scarico
4)
Giunti trasversali di lamiere e piatti con
rastremazioni in larghezza e spessore con
pendenza non mag-giore di 1:4. Nelle
zone di transi-zione gli intagli nelle
saldature devono essere eliminati
Per spessori t>25 mm, si deve adot-tare una
classe ridotta del coefficiente
k = (25/t)0,2","Saldature effettuate da entrambi i lati, molate in|
direzione degli sforzi e sottoposte a controlli non
distruttivi
Le saldature devono essere iniziate e terminate su
tacchi d'estremità, da rimuovere una voltal
completata la saldatura
I bordi esterni delle saldature devono essere
molati in direzione degli sforzi
3) Vale solo per profilati tagliati e risaldati",assets/details/ntc-129-t02-d01-04.png,extracted_not_engineering_validated
ntc-129-t02-d02-01,ntc,129,C4.2.XIV,5,90,"Saldature senza piatto di sostegno
5) Giunti trasversali in piatti e lamiere
6)
Giunti trasversali completi di profili laminati,
in assenza di lunette di scarico
Giunti trasversali di lamiere e piatti con
7)
rastremazioni in larghezza e spessore con
pendenza non maggiore di 1:4.
Nelle zone di transizione gli intagli nelle
saldature devono essere eliminati
Per spessori t>25 mm, si deve adot-tare una
classe ridotta del coefficiente
ks = (25/t)0,2","Saldature effettuate da entrambi i lati e sottoposte
a controlli non distruttivi
Sovraspessore di saldatura non maggiore del
10% della larghezza del cordone, con zone di
transizione regolari
Le saldature devono essere iniziate e terminate
su tacchi d’estremità, da rimuovere una volta
completata la saldatura
I bordi esterni delle saldature devono essere
molati in dire-zione degli sforzi
Le saldature dei dettagli 5) e 7) devono essere
eseguite in piano",assets/details/ntc-129-t02-d02-01.png,extracted_not_engineering_validated
ntc-129-t02-d02-02,ntc,129,C4.2.XIV,6,90,"Saldature senza piatto di sostegno
5) Giunti trasversali in piatti e lamiere
6)
Giunti trasversali completi di profili laminati,
in assenza di lunette di scarico
Giunti trasversali di lamiere e piatti con
7)
rastremazioni in larghezza e spessore con
pendenza non maggiore di 1:4.
Nelle zone di transizione gli intagli nelle
saldature devono essere eliminati
Per spessori t>25 mm, si deve adot-tare una
classe ridotta del coefficiente
ks = (25/t)0,2","Saldature effettuate da entrambi i lati e sottoposte
a controlli non distruttivi
Sovraspessore di saldatura non maggiore del
10% della larghezza del cordone, con zone di
transizione regolari
Le saldature devono essere iniziate e terminate
su tacchi d’estremità, da rimuovere una volta
completata la saldatura
I bordi esterni delle saldature devono essere
molati in dire-zione degli sforzi
Le saldature dei dettagli 5) e 7) devono essere
eseguite in piano",assets/details/ntc-129-t02-d02-02.png,extracted_not_engineering_validated
ntc-129-t02-d02-03,ntc,129,C4.2.XIV,7,90,"Saldature senza piatto di sostegno
5) Giunti trasversali in piatti e lamiere
6)
Giunti trasversali completi di profili laminati,
in assenza di lunette di scarico
Giunti trasversali di lamiere e piatti con
7)
rastremazioni in larghezza e spessore con
pendenza non maggiore di 1:4.
Nelle zone di transizione gli intagli nelle
saldature devono essere eliminati
Per spessori t>25 mm, si deve adot-tare una
classe ridotta del coefficiente
ks = (25/t)0,2","Saldature effettuate da entrambi i lati e sottoposte
a controlli non distruttivi
Sovraspessore di saldatura non maggiore del
10% della larghezza del cordone, con zone di
transizione regolari
Le saldature devono essere iniziate e terminate
su tacchi d’estremità, da rimuovere una volta
completata la saldatura
I bordi esterni delle saldature devono essere
molati in dire-zione degli sforzi
Le saldature dei dettagli 5) e 7) devono essere
eseguite in piano",assets/details/ntc-129-t02-d02-03.png,extracted_not_engineering_validated
ntc-129-t02-d03-01,ntc,129,C4.2.XIV,9,80,"Saldature senza piatto di sostegno
(6
Giunti trasversali in travi com-poste, in
assenza di lunette di scarico
10) Giunti trasversali completi di profili
laminati, in presenza di lunette di scarico
11) Giunti trasversali di lamiere, piatti, profilati
e travi composte
Per spessori t>25 mm, si deve adot-tare una
classe ridotta del coefficiente
ks = (25/t)0,2","Saldature effettuate da entrambi i lati, non molate
e sottoposte a controlli non distruttivi.
Le saldature devono essere iniziate e terminate
su tacchi d’estremità, da rimuovere una volta
completata la saldatura
I bordi esterni delle saldature devono essere
molati in direzione degli sforzi
Sovraspessore di saldatura non maggiore del
20% della larghezza del cordone, per i dettagli 9)
e 11), o del 10% per il dettaglio 10, con zoñe di
transizione regolari",assets/details/ntc-129-t02-d03-01.png,extracted_not_engineering_validated
ntc-129-t02-d03-02,ntc,129,C4.2.XIV,10,80,"Saldature senza piatto di sostegno
(6
Giunti trasversali in travi com-poste, in
assenza di lunette di scarico
10) Giunti trasversali completi di profili
laminati, in presenza di lunette di scarico
11) Giunti trasversali di lamiere, piatti, profilati
e travi composte
Per spessori t>25 mm, si deve adot-tare una
classe ridotta del coefficiente
ks = (25/t)0,2","Saldature effettuate da entrambi i lati, non molate
e sottoposte a controlli non distruttivi.
Le saldature devono essere iniziate e terminate
su tacchi d’estremità, da rimuovere una volta
completata la saldatura
I bordi esterni delle saldature devono essere
molati in direzione degli sforzi
Sovraspessore di saldatura non maggiore del
20% della larghezza del cordone, per i dettagli 9)
e 11), o del 10% per il dettaglio 10, con zoñe di
transizione regolari",assets/details/ntc-129-t02-d03-02.png,extracted_not_engineering_validated
ntc-129-t02-d03-03,ntc,129,C4.2.XIV,11,80,"Saldature senza piatto di sostegno
(6
Giunti trasversali in travi com-poste, in
assenza di lunette di scarico
10) Giunti trasversali completi di profili
laminati, in presenza di lunette di scarico
11) Giunti trasversali di lamiere, piatti, profilati
e travi composte
Per spessori t>25 mm, si deve adot-tare una
classe ridotta del coefficiente
ks = (25/t)0,2","Saldature effettuate da entrambi i lati, non molate
e sottoposte a controlli non distruttivi.
Le saldature devono essere iniziate e terminate
su tacchi d’estremità, da rimuovere una volta
completata la saldatura
I bordi esterni delle saldature devono essere
molati in direzione degli sforzi
Sovraspessore di saldatura non maggiore del
20% della larghezza del cordone, per i dettagli 9)
e 11), o del 10% per il dettaglio 10, con zoñe di
transizione regolari",assets/details/ntc-129-t02-d03-03.png,extracted_not_engineering_validated
ntc-129-t02-d04,ntc,129,C4.2.XIV,8,90,"8) Come il dettaglio 3), ma con lunette di
scarico
Per spessori t>25 mm, si deve adot-tare una
classe ridotta del coefficiente
k = (25/t)0,.2","Saldature effettuate da entrambi i lati, molate in
direzione degli sforzi e sottoposte a controlli non
distruttivi.
Le saldature devono essere iniziate e terminate
su tacchi d'estremità, da rimuovere una volta
completata la saldatura
I bordi esterni delle saldature devono essere
molati in direzione degli sforzi
I profili laminati devono avere le stesse
dimensioni, senza differenze dovute a tolleranze",assets/details/ntc-129-t02-d04.png,extracted_not_engineering_validated
ntc-130-t01-d01,ntc,130,PDF-130-T1,12,63,"12)
Giunti trasversali completi di profili
laminati, in assenza di lunette di scarico","Saldature effettuate da entrambi i lati
Le saldature devono essere iniziate e terminate
su tacchi d'estremità, da rimuovere una volta
completata la saldatura
I bordi esterni delle saldature devono essere
molati in direzione degli sforzi",assets/details/ntc-130-t01-d01.png,extracted_not_engineering_validated
ntc-130-t01-d02,ntc,130,PDF-130-T1,13,"71
(36)","13) Giunti trasversali a piena penetrazione
eseguiti da un solo lato, con piena
penetrazione
controllata
mediante
opportuni controlli non distruttivi.
Per spessori t>25 mm, si deve adot-tare una
classe ridotta del coefficiente
k = (25/t)0,2
In assenza di controlli, si deve adottare la
classe 36, per qualsiasi valore di t","Saldature senza piatto di sostegno
Le saldature devono essere iniziate e terminate su
tacchi d'estremità, da rimuovere una voltal
completata la saldatura
I bordi esterni delle saldature devono essere
molati in direzione degli sforzi",assets/details/ntc-130-t01-d02.png,extracted_not_engineering_validated
ntc-130-t01-d03,ntc,130,PDF-130-T1,16,50,"16)
Saldature
su piatto di sostegno
permanente
con rastremazioni in
larghezza e spessore con pendenza non
maggiore di 1:4.
Vale anche per lamiere curve
Per spessori t>25 mm, si deve adottare una
classe ridotta del coefficiente
ks = (25/t)0,2","Da adottarsi quando i cordoni d'angolo chel
fissano il piatto di sostegno terminano a meno dil
10 mm dai bordi dell'elemento o quando non può
essere garantito un buon accoppiamento",assets/details/ntc-130-t01-d03.png,extracted_not_engineering_validated
ntc-130-t01-d04,ntc,130,PDF-130-T1,17,71,"17)
Saldature trasversali
piena
penetrazione tra elementi di spessore
differente con assi allineati
Per spessori t1>25 mm si deve adottare una
classe ridotta del coefficiente
ks = (25/t1)0,2","Nel caso di disassamento la classe deve essere
ridotta con il coefficiente
6e
kse
1+
1,5
t1
da combinare, eventualmente, con ks, quando
t1>25 mm",assets/details/ntc-130-t01-d04.png,extracted_not_engineering_validated
ntc-130-t01-d05-01,ntc,130,PDF-130-T1,14,71,"Saldature su piatto di sostegno
14) Giunti trasversali in piatti e lamiere
15) Giunti trasversali di lamiere e piatti con
rastremazioni in larghezza e spessore
con pendenza non maggiore di 1:4.
Vale anche per lamiere curve
Per spessori t>25 mm, si deve adot-tare una
classe ridotta del coefficiente
ks = (25/t)0,2","I cordoni d’angolo che fissano il piatto di sostegno
devono terminare a più di 10 mm dai bordil
dell'elemento e devono essere interni allal
saldatura di testa",assets/details/ntc-130-t01-d05-01.png,extracted_not_engineering_validated
ntc-130-t01-d05-02,ntc,130,PDF-130-T1,15,71,"Saldature su piatto di sostegno
14) Giunti trasversali in piatti e lamiere
15) Giunti trasversali di lamiere e piatti con
rastremazioni in larghezza e spessore
con pendenza non maggiore di 1:4.
Vale anche per lamiere curve
Per spessori t>25 mm, si deve adot-tare una
classe ridotta del coefficiente
ks = (25/t)0,2","I cordoni d’angolo che fissano il piatto di sostegno
devono terminare a più di 10 mm dai bordil
dell'elemento e devono essere interni allal
saldatura di testa",assets/details/ntc-130-t01-d05-02.png,extracted_not_engineering_validated
ntc-130-t02-d01,ntc,130,C4.2.XV,1,"80 (a)
71 (b)
63 (c)
56 (d)","Attacchi saldati longitudinali
1) La classe del dettaglio dipende dalla
lunghezza dell'attacco
(a) L ≤ 50 mm
(b) 50 < L ≤ 80 mm
(c) 80 < L ≤ 100 mm
(d) L > 100 mm","Spessore dell'attacco minore della sua altezza. In
caso contrario vedi dettagli 5 e 6",assets/details/ntc-130-t02-d01.png,extracted_not_engineering_validated
ntc-130-t02-d02,ntc,130,C4.2.XV,2,71,"2) Attacchi saldati longitudinali a piatti o tubi
con L>100 m e α<45°",,assets/details/ntc-130-t02-d02.png,extracted_not_engineering_validated
ntc-130-t02-d03,ntc,130,C4.2.XV,3,80,"3) Fazzoletti d'attacco saldati a piatti o tubi
con cordoni d'angolo longitudinali e dotati
di raccordo di transizione terminale di
raggio r.
La parte terminale dei cordoni deve essere
rinforzata, cioè a piena penetrazione, per una
lunghezza maggiore di r.
r>150 mm","Raccordo di transizione di raggio r realizzato con
taglio meccanico o a gas realizzato prima dellal
saldatura del faz-zoletto. Al termine della salda-
tura, la parte terminale deve essere molata in
direzione della freccia per eliminare completa-
mente la punta della saldatura",assets/details/ntc-130-t02-d03.png,extracted_not_engineering_validated
ntc-131-t01-d01,ntc,131,PDF-131-T1,9,80,"9) Effetto della saldatura del piolo sul
materiale base della piastra",,assets/details/ntc-131-t01-d01.png,extracted_not_engineering_validated
ntc-131-t01-d02,ntc,131,PDF-131-T1,4,"90 (a)
71 (b)
50 (c)","4) Fazzoletti d’attacco saldati a un lato di un
piatto o della piattabanda di una trave e
dotati di raccordo di transizione di raggio r.
La lunghezza L deve essere valutata come
per i dettagli 1), 2) e 3).
La stessa classificazione può essere adottata
anche per piattabande saldate dotate di
raccordo di transizione di raggio r.
(a) r ≥ L/3 o r >150 mm
(b) L/3 >r ≥ L/6
(c) r < L/6","Raccordo di transizione di raggio r realizzato con
taglio meccanico o a gas realizzato prima della
saldatura del fazzoletto. Al termine della saldatura,
la parte terminale deve essere molata in direzione
deila freccia per eliminare completamente la puntal
della saldatura",assets/details/ntc-131-t01-d02.png,extracted_not_engineering_validated
ntc-131-t01-d03,ntc,131,PDF-131-T1,5,40,"5) Come saldato,
senza
raccordo
di
transizione",,assets/details/ntc-131-t01-d03.png,extracted_not_engineering_validated
ntc-131-t01-d04-01,ntc,131,PDF-131-T1,6,"80 (a)
71 (b)","Attacchi trasversali
6) Saldati a una piastra
7) Nervature verticali saldate a un profilo o a
una trave composta
8) Diagrammi di travi a cassone composte,
saldati all'anima o alla piattabanda
(a) l≤ 50 mm
(b) 50< l≤ 80 mm
Le classi sono valide anche per nervature
anulari","6) e 7) Le parti terminali delle saldature devono
essere molate accuratamente per eliminare tutte
le rientranze presenti
7) Se la nervatura termina nell'anima, ∆σ deve
essere calcolato usando le tensioni principali",assets/details/ntc-131-t01-d04-01.png,extracted_not_engineering_validated
ntc-131-t01-d04-02,ntc,131,PDF-131-T1,7,"80 (a)
71 (b)","Attacchi trasversali
6) Saldati a una piastra
7) Nervature verticali saldate a un profilo o a
una trave composta
8) Diagrammi di travi a cassone composte,
saldati all'anima o alla piattabanda
(a) l≤ 50 mm
(b) 50< l≤ 80 mm
Le classi sono valide anche per nervature
anulari","6) e 7) Le parti terminali delle saldature devono
essere molate accuratamente per eliminare tutte
le rientranze presenti
7) Se la nervatura termina nell'anima, ∆σ deve
essere calcolato usando le tensioni principali",assets/details/ntc-131-t01-d04-02.png,extracted_not_engineering_validated
ntc-131-t01-d04-03,ntc,131,PDF-131-T1,8,"80 (a)
71 (b)","Attacchi trasversali
6) Saldati a una piastra
7) Nervature verticali saldate a un profilo o a
una trave composta
8) Diagrammi di travi a cassone composte,
saldati all'anima o alla piattabanda
(a) l≤ 50 mm
(b) 50< l≤ 80 mm
Le classi sono valide anche per nervature
anulari","6) e 7) Le parti terminali delle saldature devono
essere molate accuratamente per eliminare tutte
le rientranze presenti
7) Se la nervatura termina nell'anima, ∆σ deve
essere calcolato usando le tensioni principali",assets/details/ntc-131-t01-d04-03.png,extracted_not_engineering_validated
ntc-131-t02-d01,ntc,131,C4.2.XVI.a,1,"80 (a)
71 (b)
63 (c)
56 (d)
50 (e)
45 (f)
40 (g)","Giunti a croce o a T
1) Lesioni al piede della saldatura in giunti a
piena penetrazione o a
parziale
penetrazione
2) Lesione al piede della saldatura a partire
dal bordo del piatto caricato, in presenza
di picchi locali di tensione nelle parti
terminali della saldatura dovuti alla
deformabilità del pannello
(a) θ ≤ 50 mm e t qualsiasi
(b) 50< l≤ 80 mm e t qualsiasi
(c) 80< l ≤ 100 mm e t qualsiasi
(d) 100< l ≤ 120 mm e t qualsiasi
(d) l>120 mm e t ≤ 20 mm
(e) 120< l ≤ 200 mm e t >20 mm
(e) l>200 mm e 20 <t ≤ 30 mm
(f) 200< l ≤ 300 mm e t >30 mm
(f) l>300 mm e 30< t ≤ 50 mm
(g) l>300 mm e t >50 mm","1) II giunto deve essere controllato: le
discontinuità e i disallineamenti devono essere
conformi alle tolleranze della UNI EN 1090
2) Nel calcolo di ∆σ si deve far riferimento al
valore di picco delle tensioni, mediante un
opportuno fattore di concentrazione degli sforzi k
1) e 2) Il disallineamento dei piatti caricati non
deve superare il 15% dello spessore della piastra
intermedia",assets/details/ntc-131-t02-d01.png,extracted_not_engineering_validated
ntc-131-t02-d02,ntc,131,C4.2.XVI.a,2,"80 (a)
71 (b)
63 (c)
56 (d)
50 (e)
45 (f)
40 (g)","Giunti a croce o a T
1) Lesioni al piede della saldatura in giunti a
piena penetrazione o a
parziale
penetrazione
2) Lesione al piede della saldatura a partire
dal bordo del piatto caricato, in presenza
di picchi locali di tensione nelle parti
terminali della saldatura dovuti alla
deformabilità del pannello
(a) θ ≤ 50 mm e t qualsiasi
(b) 50< l≤ 80 mm e t qualsiasi
(c) 80< l ≤ 100 mm e t qualsiasi
(d) 100< l ≤ 120 mm e t qualsiasi
(d) l>120 mm e t ≤ 20 mm
(e) 120< l ≤ 200 mm e t >20 mm
(e) l>200 mm e 20 <t ≤ 30 mm
(f) 200< l ≤ 300 mm e t >30 mm
(f) l>300 mm e 30< t ≤ 50 mm
(g) l>300 mm e t >50 mm","1) II giunto deve essere controllato: le
discontinuità e i disallineamenti devono essere
conformi alle tolleranze della UNI EN 1090
2) Nel calcolo di ∆σ si deve far riferimento al
valore di picco delle tensioni, mediante un
opportuno fattore di concentrazione degli sforzi k
1) e 2) Il disallineamento dei piatti caricati non
deve superare il 15% dello spessore della piastra
intermedia",assets/details/ntc-131-t02-d02.png,extracted_not_engineering_validated
ntc-132-t01-d01,ntc,132,PDF-132-T1,4,45*,"Giunzioni a sovrapposizione
4) Giunzione a sovrapposizione a cordoni
d’angolo(verifica
degli
elementi
sovrapposti)","∆σ è riferito agli elementi sovrapposti
Le saldature devono terminare a più di 10 mm dal
bordo della piastra.
Le verifiche a fatica della saldatura per tensioni
tangen-ziali devono essere effettuate
in
riferimento al dettaglio 8 (Tabella C4.2.XVI.b)",assets/details/ntc-132-t01-d01.png,extracted_not_engineering_validated
ntc-132-t01-d02,ntc,132,PDF-132-T1,6,"56* (a)
50 (b)
45 (c)
40 (d)
36 (e)","Coprigiunti di travi e travi composte
6) Zone terminali di coprigiunti saldati singoli
o multipli, con o senza cordoni terminali
trasversali
(a) t< t e t ≤ 20 mm
(b) tc< t e 20 < t ≤ 30 mm
(b) tc≥ t e t ≤ 20 mm
(c) tc< t e 30 < t ≤ 50 mm
(c) tc≥ t e 20 < t ≤ 30 mm
(d) tc< t e t >50 mm
(d) tc≥ t e 30 < t ≤ 50 mm
(e) tc≥ t et >50 mm","Se il coprigiunto è più largo della flangia occorre
eseguire un cordone terminale trasversale, che
deve essere accuratamente molato per eliminare
le incisioni marginali
La lunghezza minima del coprigiunto è 300 mm",assets/details/ntc-132-t01-d02.png,extracted_not_engineering_validated
ntc-132-t01-d03,ntc,132,PDF-132-T1,3,36*,"Giunti a croce o a T
3) Lesione alla radice della saldatura in giunti
a T a cordoni d'angolo, a parziale
penetrazione e a parziale penetrazione
equivalente alla piena penetrazione","Nelle saldature a parziale penetrazione sono
richieste due verifiche: la prima riguardo alle
lesioni alla radice della saldatura deve essere
riferita alla classe 36* per Δσ e alla classe 80 per
∆τ, la seconda riguardo alle lesioni al piede della
saldatura nel piatto caricato deve essere riferita
alle classi dei dettagli 1 e 2 della presente tabella
Il disallineamento dei piatti caricati non deve
superare il 15% dello spessore della piastra
intermedia",assets/details/ntc-132-t01-d03.png,extracted_not_engineering_validated
ntc-132-t01-d04,ntc,132,PDF-132-T1,4,"come
dettaglio
1","Giunzioni a sovrapposizione
4) Giunzione a sovrapposizione a cordoni
d’angolo (verifica della piastra principale)","∆σ nella piastra principale deve essere calcolato
considerando l'area indicata in figura (diffusione
con pendenza 1:2)
Le saldature devono terminare a più di 10 mm dal
bordo della piastra.
Le verifiche a fatica della saldatura per tensioni
tangenziali devono essere effettuate in riferimento
al dettaglio 8 (Tabella C4.2.XVI.b)",assets/details/ntc-132-t01-d04.png,extracted_not_engineering_validated
ntc-132-t01-d05,ntc,132,PDF-132-T1,7,56,"Coprigiunti di travi e travi composte
7) Zone terminali di coprigiunti saldati con
cordone terminale rinforzato di lunghezza
minima 5 tc","Cordone trasversale rinforzato molato e
raccordato
Se t>20 mm, il raccordo, di pendenza non
maggiore di 1:4, deve essere esteso fino al bordo
superiore del coprigiunto",assets/details/ntc-132-t01-d05.png,extracted_not_engineering_validated
ntc-132-t02-d01-01,ntc,132,C4.2.XVI.b,8,80,"8) Cordoni d'angolo continui soggetti a sforzi
!p
sconnessione, quali quelli di
composizione tra anima e piattabanda in
travi composte saldate
9) Giunzioni a sovrapposizione a cordoni
d’angolo soggette a tensioni tangenziali","8) ∆τ deve essere calcolato in riferimento allal
sezione di gola del cordone
9) ∆τ deve essere calcolato in riferimento allal
sezione di gola del cordone, considerando lal
lunghezza totale del cordone, che deve terminarel
a più di 10 mm dal bordo della piastra",assets/details/ntc-132-t02-d01-01.png,extracted_not_engineering_validated
ntc-132-t02-d01-02,ntc,132,C4.2.XVI.b,9,80,"8) Cordoni d'angolo continui soggetti a sforzi
!p
sconnessione, quali quelli di
composizione tra anima e piattabanda in
travi composte saldate
9) Giunzioni a sovrapposizione a cordoni
d’angolo soggette a tensioni tangenziali","8) ∆τ deve essere calcolato in riferimento allal
sezione di gola del cordone
9) ∆τ deve essere calcolato in riferimento allal
sezione di gola del cordone, considerando lal
lunghezza totale del cordone, che deve terminarel
a più di 10 mm dal bordo della piastra",assets/details/ntc-132-t02-d01-02.png,extracted_not_engineering_validated
ntc-132-t03-d01,ntc,132,C4.2.XVII,1,160,1) Sezioni laminate ad I o H,"La classe è relativa ai delta di compressione
verticali ∆σvert indotti nell'anima dai carichi ruota",assets/details/ntc-132-t03-d01.png,extracted_not_engineering_validated
ntc-133-t01-d01,ntc,133,PDF-133-T1,2,71,2) Saldatura a piena penetrazione a T,"La classe è relativa ai delta di compressionel
verticali ∆σvert indotti nell'anima dai carichi ruota",assets/details/ntc-133-t01-d01.png,extracted_not_engineering_validated
ntc-133-t01-d02,ntc,133,PDF-133-T1,,36*,"a piena penetrazione equivalente a
parziale penetrazione","3) Saldatura a T a parziale penetrazione o La classe è relativa ai delta di compressione
verticali ∆σvert indotti nella sezione di gola della
saldatura dai carichi ruota",assets/details/ntc-133-t01-d02.png,extracted_not_engineering_validated
ntc-133-t01-d03,ntc,133,PDF-133-T1,4,36*,4) Saldature a cordone d’angolo,"La classe è relativa ai delta di compressionel
verticali ∆σvert indotti nella sezione di gola dellal
saldatura dai carichi ruota",assets/details/ntc-133-t01-d03.png,extracted_not_engineering_validated
ntc-133-t01-d04,ntc,133,PDF-133-T1,5,71,"5) Saldatura a T a piena penetrazione tra
anima e piattabanda a T","La classe è relativa ai delta di compressione
verticali Δσvert indotti nell'anima dai carichi ruota",assets/details/ntc-133-t01-d04.png,extracted_not_engineering_validated
ntc-133-t01-d05,ntc,133,PDF-133-T1,,36*,"parziale penetrazione tra anima e saldatura dai carichi ruota
piattabanda a T","6) Saldatura a T a parziale penetrazione o La classe è relativa ai delta di compressione
a piena penetrazione equivalente a verticali ∆σvert indotti nella sezione di gola dellal",assets/details/ntc-133-t01-d05.png,extracted_not_engineering_validated
ntc-133-t01-d06,ntc,133,PDF-133-T1,,36*,anima e piattabanda a T,"al  cl i c  s  a co o    c sn
verticali ∆σvert indotti nella sezione di gola dellal
saldatura dai carichi ruota",assets/details/ntc-133-t01-d06.png,extracted_not_engineering_validated
ec3-022-t01-d01-01,ec3,22,8.1,1,160,"Prodotti laminati ed estrusi:
1) lamiere;
2) profilati laminati;
3) profilati tubolari senza saldatura a
sezione rettangolare o circolare.","Particolari da 1) a 3):
Spigoli vivi, difetti
superficiali e di
laminazione da rimuovere
mediante rettifica fino ad
ottenere una transizione
graduale.",assets/details/ec3-022-t01-d01-01.png,extracted_not_engineering_validated
ec3-022-t01-d01-02,ec3,22,8.1,2,160,"Prodotti laminati ed estrusi:
1) lamiere;
2) profilati laminati;
3) profilati tubolari senza saldatura a
sezione rettangolare o circolare.","Particolari da 1) a 3):
Spigoli vivi, difetti
superficiali e di
laminazione da rimuovere
mediante rettifica fino ad
ottenere una transizione
graduale.",assets/details/ec3-022-t01-d01-02.png,extracted_not_engineering_validated
ec3-022-t01-d01-03,ec3,22,8.1,3,160,"Prodotti laminati ed estrusi:
1) lamiere;
2) profilati laminati;
3) profilati tubolari senza saldatura a
sezione rettangolare o circolare.","Particolari da 1) a 3):
Spigoli vivi, difetti
superficiali e di
laminazione da rimuovere
mediante rettifica fino ad
ottenere una transizione
graduale.",assets/details/ec3-022-t01-d01-03.png,extracted_not_engineering_validated
ec3-022-t01-d02,ec3,22,8.1,4,140,"Lamiere tagliate meccanicamente o
all’ossitaglio:
4) materiale tagliato all’ossitaglio
automatico o meccanicamente con
successiva levigatura;
5) materiale tagliato all’ossitaglio
automatico avente tracce del taglio
superficiale e regolare o materiale
tagliato all’ossitaglio manualmente e
successivamente levigato in modo tale
da rimuovere tutte le discontinuità dei
bordi.
Taglio all’ossitaglio con qualità del taglio
secondo la EN 1090.","4) Tutti i segni visibili di
discontinuità nei bordi
devono essere rimossi.
Tutte le aree di tagli
devono essere lavorate
meccanicamente o
molate e tutte le
sbavature devono essere
rimosse.
Tutte le abrasioni
meccaniche, per esempio
derivanti dalle operazioni
di molatura, possono
presentarsi solo
parallelamente alle
tensioni.
Particolari 4) e 5):
- angoli rientranti devono
essere rifiniti (pendenza
≤1⁄4) o valutati utilizzando
opportuni coefficienti di
concentrazione delle
tensioni;
- assenza di riparazioni
mediante saldatura.",assets/details/ec3-022-t01-d02.png,extracted_not_engineering_validated
ec3-022-t01-d03,ec3,22,8.1,5,125,"Lamiere tagliate meccanicamente o
all’ossitaglio:
4) materiale tagliato all’ossitaglio
automatico o meccanicamente con
successiva levigatura;
5) materiale tagliato all’ossitaglio
automatico avente tracce del taglio
superficiale e regolare o materiale
tagliato all’ossitaglio manualmente e
successivamente levigato in modo tale
da rimuovere tutte le discontinuità dei
bordi.
Taglio all’ossitaglio con qualità del taglio
secondo la EN 1090.","4) Tutti i segni visibili di
discontinuità nei bordi
devono essere rimossi.
Tutte le aree di tagli
devono essere lavorate
meccanicamente o
molate e tutte le
sbavature devono essere
rimosse.
Tutte le abrasioni
meccaniche, per esempio
derivanti dalle operazioni
di molatura, possono
presentarsi solo
parallelamente alle
tensioni.
Particolari 4) e 5):
- angoli rientranti devono
essere rifiniti (pendenza
≤1⁄4) o valutati utilizzando
opportuni coefficienti di
concentrazione delle
tensioni;
- assenza di riparazioni
mediante saldatura.",assets/details/ec3-022-t01-d03.png,extracted_not_engineering_validated
ec3-022-t01-d04-01,ec3,22,8.1,6,"100
m = 5","6) e 7)
Prodotti laminati ed estrusi come nei
particolari 1), 2), 3)","Particolari 6) e 7):
∆τ calcolati da:
       VS(t)
τ =   ----------
              It",assets/details/ec3-022-t01-d04-01.png,extracted_not_engineering_validated
ec3-022-t01-d04-02,ec3,22,8.1,7,"100
m = 5","6) e 7)
Prodotti laminati ed estrusi come nei
particolari 1), 2), 3)","Particolari 6) e 7):
∆τ calcolati da:
       VS(t)
τ =   ----------
              It",assets/details/ec3-022-t01-d04-02.png,extracted_not_engineering_validated
ec3-023-t01-d01,ec3,23,8.1,8,112,"8) Collegamenti
simmetrici con
doppio coprigiunto
e bulloni
precaricati ad alta
resistenza.

8) Collegamenti
simmetrici con
doppio coprigiunto
e bulloni stampati
precaricati.

8) ∆σ calcolato
sulla sezione
trasversale lorda.

8) ... sezione
trasversale lorda.","In generale per
connessioni bullonate
[Particolari da 8) a 13)]:





Distanza dal bordo:
e1 ≥ 1,5 d





Distanza dal bordo:
e2 ≥ 1,5 d





Interasse:
p1 ≥ 2,5 d





Interasse:
p2 ≥ 2,5 d




Dettagli costruttivi figura
3.1 della EN 1993-1-8",assets/details/ec3-023-t01-d01.png,extracted_not_engineering_validated
ec3-023-t01-d02,ec3,23,8.1,9,90,"9) Collegamenti
simmetrici con
doppio coprigiunto
e bulloni calibrati.

9) Collegamenti
simmetrici con
doppio coprigiunto
e bulloni stampati
non precaricati.

9) ... sezione
trasversale netta.

9) ... sezione
trasversale netta.","In generale per
connessioni bullonate
[Particolari da 8) a 13)]:





Distanza dal bordo:
e1 ≥ 1,5 d





Distanza dal bordo:
e2 ≥ 1,5 d





Interasse:
p1 ≥ 2,5 d





Interasse:
p2 ≥ 2,5 d




Dettagli costruttivi figura
3.1 della EN 1993-1-8",assets/details/ec3-023-t01-d02.png,extracted_not_engineering_validated
ec3-023-t01-d03,ec3,23,8.1,10,90,"10) Collegamenti
con singolo
coprigiunto e
bulloni precaricati
ad alta resistenza.

10) Collegamenti
con singolo
coprigiunto e
bulloni stampati
precaricati.

10) ... sezione
trasversale lorda.

10) ... sezione
trasversale lorda.","In generale per
connessioni bullonate
[Particolari da 8) a 13)]:





Distanza dal bordo:
e1 ≥ 1,5 d





Distanza dal bordo:
e2 ≥ 1,5 d





Interasse:
p1 ≥ 2,5 d





Interasse:
p2 ≥ 2,5 d




Dettagli costruttivi figura
3.1 della EN 1993-1-8",assets/details/ec3-023-t01-d03.png,extracted_not_engineering_validated
ec3-023-t01-d04,ec3,23,8.1,11,90,"11) Elementi
strutturali con fori
sottoposti a forze
flessionali ed
assiali.

11) ... sezione
trasversale netta.","In generale per
connessioni bullonate
[Particolari da 8) a 13)]:





Distanza dal bordo:
e1 ≥ 1,5 d





Distanza dal bordo:
e2 ≥ 1,5 d





Interasse:
p1 ≥ 2,5 d





Interasse:
p2 ≥ 2,5 d




Dettagli costruttivi figura
3.1 della EN 1993-1-8",assets/details/ec3-023-t01-d04.png,extracted_not_engineering_validated
ec3-023-t01-d05,ec3,23,8.1,12,80,"12) Collegamenti
con singolo
coprigiunto e
bulloni calibrati.

12) Collegamenti
con singolo
coprigiunto e
bulloni stampati
non precaricati.

12) ... sezione
trasversale netta.

12) ... sezione
trasversale netta.","In generale per
connessioni bullonate
[Particolari da 8) a 13)]:





Distanza dal bordo:
e1 ≥ 1,5 d





Distanza dal bordo:
e2 ≥ 1,5 d





Interasse:
p1 ≥ 2,5 d





Interasse:
p2 ≥ 2,5 d




Dettagli costruttivi figura
3.1 della EN 1993-1-8",assets/details/ec3-023-t01-d05.png,extracted_not_engineering_validated
ec3-023-t01-d06,ec3,23,8.1,13,50,"13) Collegamenti
con singolo
coprigiunto o
simmetrici con
doppio coprigiunto
con bulloni non
precaricati in fori
aventi normali
tolleranze.
Assenza di
inversione del
carico.

13) ... sezione
trasversale netta.","In generale per
connessioni bullonate
[Particolari da 8) a 13)]:





Distanza dal bordo:
e1 ≥ 1,5 d





Distanza dal bordo:
e2 ≥ 1,5 d





Interasse:
p1 ≥ 2,5 d





Interasse:
p2 ≥ 2,5 d




Dettagli costruttivi figura
3.1 della EN 1993-1-8",assets/details/ec3-023-t01-d06.png,extracted_not_engineering_validated
ec3-024-t01-d01,ec3,24,8.1,14,"50
Effetto scala
per ι> 30 mm:
ks = (30/ι)0,25","14) Bulloni e barre aventi filettature
laminate o tagliate soggette a
trazione.
Per grandi diametri (tirafondi)
l’effetto scala deve essere preso in
considerazione con ks.","14) ∆σ calcolato
utilizzando l’area
resistente a trazione del
bullone.
Flessione e trazione
causate da effetti leva e
tensioni da flessione
derivanti da altre fonti
devono essere
considerate.
Per bulloni precaricati, la
riduzione dell’intervallo di
variazione della tensione
può essere preso in
considerazione.",assets/details/ec3-024-t01-d01.png,extracted_not_engineering_validated
ec3-024-t01-d02,ec3,24,8.1,15,"100
m = 5","Bulloni sollecitati a taglio con
sezione di taglio singola o doppia
15)
- bulloni calibrati;
- bulloni normali in assenza di
inversione del carico (bulloni di
classe 5.6, 8.8 o 10.9).","15)
∆τ calcolata utilizzando
l’area del gambo del
bullone.",assets/details/ec3-024-t01-d02.png,extracted_not_engineering_validated
ec3-024-t02-d01-01,ec3,24,8.2,1,125,"Saldature longitudinali continue:
1) Saldature automatiche di testa
eseguite da entrambi i lati.
2) Saldature automatiche a cordone
d’angolo. Le estremità della piastra
coprigiunto devono essere verificate
utilizzando il particolare 6) o 7) nel
prospetto 8.5.","Particolari 1) e 2):
Non sono permesse
interruzioni/riprese ad
eccezione del caso in cui
la riparazione è eseguita
da un tecnico qualificato e
sia effettuato un controllo
per verificare la corretta
esecuzione della
riparazione.",assets/details/ec3-024-t02-d01-01.png,extracted_not_engineering_validated
ec3-024-t02-d01-02,ec3,24,8.2,2,125,"Saldature longitudinali continue:
1) Saldature automatiche di testa
eseguite da entrambi i lati.
2) Saldature automatiche a cordone
d’angolo. Le estremità della piastra
coprigiunto devono essere verificate
utilizzando il particolare 6) o 7) nel
prospetto 8.5.","Particolari 1) e 2):
Non sono permesse
interruzioni/riprese ad
eccezione del caso in cui
la riparazione è eseguita
da un tecnico qualificato e
sia effettuato un controllo
per verificare la corretta
esecuzione della
riparazione.",assets/details/ec3-024-t02-d01-02.png,extracted_not_engineering_validated
ec3-024-t02-d02-01,ec3,24,8.2,3,112,"3) Saldature automatiche a cordoni
d’angolo o di testa eseguite da entrambi
i lati, ma contenenti interruzioni/punti di
ripresa.
4) Saldature automatiche di testa
eseguite da un solo lato, con piatto
posteriore, ma senza interruzioni/punti
di ripresa.","4) Quando questo
particolare contiene
interruzioni/punti di
ripresa, utilizzare la
categoria 100.",assets/details/ec3-024-t02-d02-01.png,extracted_not_engineering_validated
ec3-024-t02-d02-02,ec3,24,8.2,4,112,"3) Saldature automatiche a cordoni
d’angolo o di testa eseguite da entrambi
i lati, ma contenenti interruzioni/punti di
ripresa.
4) Saldature automatiche di testa
eseguite da un solo lato, con piatto
posteriore, ma senza interruzioni/punti
di ripresa.","4) Quando questo
particolare contiene
interruzioni/punti di
ripresa, utilizzare la
categoria 100.",assets/details/ec3-024-t02-d02-02.png,extracted_not_engineering_validated
ec3-024-t02-d03-01,ec3,24,8.2,5,100,"5) Saldature manuali a cordoni d’angolo
o di testa.
6) Saldature manuali o automatiche di
testa eseguite da un solo lato, in
particolare per le travi a cassone.","5), 6) È essenziale un
buon contatto fra anime
ed ali. Preparare il bordo
dell’anima in modo da
renderlo idoneo per una
regolare penetrazione alla
radice senza rottura.",assets/details/ec3-024-t02-d03-01.png,extracted_not_engineering_validated
ec3-024-t02-d03-02,ec3,24,8.2,6,100,"5) Saldature manuali a cordoni d’angolo
o di testa.
6) Saldature manuali o automatiche di
testa eseguite da un solo lato, in
particolare per le travi a cassone.","5), 6) È essenziale un
buon contatto fra anime
ed ali. Preparare il bordo
dell’anima in modo da
renderlo idoneo per una
regolare penetrazione alla
radice senza rottura.",assets/details/ec3-024-t02-d03-02.png,extracted_not_engineering_validated
ec3-025-t01-d01,ec3,25,8.2,7,100,"7) Riparazioni di saldature automatiche
o manuali a cordoni d’angolo o di testa
per le categorie da 1) a 6).","7) Miglioramento tramite
molatura eseguita da un
tecnico qualificato per
rimuovere segni visibili e
adeguate verifiche
possono ripristinare la
categoria originaria.",assets/details/ec3-025-t01-d01.png,extracted_not_engineering_validated
ec3-025-t01-d02,ec3,25,8.2,8,80,8) Saldature longitudinali alternate.,"8) ∆σ basato sulla
tensione normale nell’ala.",assets/details/ec3-025-t01-d02.png,extracted_not_engineering_validated
ec3-025-t01-d03,ec3,25,8.2,9,71,"9) Saldature longitudinali di testa, a
cordoni d’angolo o alternate con
un’altezza del foro di scarico non
maggiore di 60 mm.
Per fori di scarico con un’altezza >60 mm
vedere particolare 1) nel prospetto 8.4.","9) ∆σ basato sulla
tensione normale nell’ala.",assets/details/ec3-025-t01-d03.png,extracted_not_engineering_validated
ec3-025-t01-d04,ec3,25,8.2,10,"125
112
90","10) Saldatura di testa longitudinale
livellata mediante rettifica su entrambi i
lati parallelamente alla direzione del
carico, 100% NDT.

10) Non molate e senza
interruzioni/punti di ripresa.

10) Con interruzioni/punti di ripresa.",,assets/details/ec3-025-t01-d04.png,extracted_not_engineering_validated
ec3-025-t01-d05,ec3,25,8.2,11,"140
125
90","11) Saldatura longitudinale automatica
di giunzione senza interruzioni/punti di
ripresa in profilati tubolari.

11) Saldatura longitudinale automatica
di giunzione senza interruzioni/punti di
ripresa in profilati tubolari.

11) Con interruzioni/punti di ripresa.","11) Assenza di difetti che
eccedono le tolleranze
della EN 1090.
Spessori di parete
t ≤ 12,5 mm.

11) Spessori di parete
t > 12,5 mm.",assets/details/ec3-025-t01-d05.png,extracted_not_engineering_validated
ec3-026-t01-d01-01,ec3,26,8.3,1,112,"Senza piatto posteriore:
1) Giunti trasversali in lamiere e
piatti.
2) Giunti di ali e anime in travi
composte prima dell’assemblaggio.
3) Profilati aventi sezioni trasversali
completamente saldate di testa o
profilati laminati senza fori di
scarico.
4) Giunti trasversali in piastre o piatti
rastremati nella larghezza o nello
spessore con una pendenza ≤1⁄4.","- Tutte le saldature
livellate mediante rettifica
fino alla superficie della
piastra in direzione
parallela alla freccia.
- Utilizzare talloni di
estremità e rimuoverli
successivamente,
livellare mediante rettifica
le estremità delle lamiere
in direzione della
tensione.
- Saldature su entrambi i
lati; verificate secondo
NDT.
Particolare 3):
Si applica solo a
collegamenti di profilati
laminati, tagliati e
risaldati.",assets/details/ec3-026-t01-d01-01.png,extracted_not_engineering_validated
ec3-026-t01-d01-02,ec3,26,8.3,2,112,"Senza piatto posteriore:
1) Giunti trasversali in lamiere e
piatti.
2) Giunti di ali e anime in travi
composte prima dell’assemblaggio.
3) Profilati aventi sezioni trasversali
completamente saldate di testa o
profilati laminati senza fori di
scarico.
4) Giunti trasversali in piastre o piatti
rastremati nella larghezza o nello
spessore con una pendenza ≤1⁄4.","- Tutte le saldature
livellate mediante rettifica
fino alla superficie della
piastra in direzione
parallela alla freccia.
- Utilizzare talloni di
estremità e rimuoverli
successivamente,
livellare mediante rettifica
le estremità delle lamiere
in direzione della
tensione.
- Saldature su entrambi i
lati; verificate secondo
NDT.
Particolare 3):
Si applica solo a
collegamenti di profilati
laminati, tagliati e
risaldati.",assets/details/ec3-026-t01-d01-02.png,extracted_not_engineering_validated
ec3-026-t01-d01-03,ec3,26,8.3,3,112,"Senza piatto posteriore:
1) Giunti trasversali in lamiere e
piatti.
2) Giunti di ali e anime in travi
composte prima dell’assemblaggio.
3) Profilati aventi sezioni trasversali
completamente saldate di testa o
profilati laminati senza fori di
scarico.
4) Giunti trasversali in piastre o piatti
rastremati nella larghezza o nello
spessore con una pendenza ≤1⁄4.","- Tutte le saldature
livellate mediante rettifica
fino alla superficie della
piastra in direzione
parallela alla freccia.
- Utilizzare talloni di
estremità e rimuoverli
successivamente,
livellare mediante rettifica
le estremità delle lamiere
in direzione della
tensione.
- Saldature su entrambi i
lati; verificate secondo
NDT.
Particolare 3):
Si applica solo a
collegamenti di profilati
laminati, tagliati e
risaldati.",assets/details/ec3-026-t01-d01-03.png,extracted_not_engineering_validated
ec3-026-t01-d01-04,ec3,26,8.3,4,112,"Senza piatto posteriore:
1) Giunti trasversali in lamiere e
piatti.
2) Giunti di ali e anime in travi
composte prima dell’assemblaggio.
3) Profilati aventi sezioni trasversali
completamente saldate di testa o
profilati laminati senza fori di
scarico.
4) Giunti trasversali in piastre o piatti
rastremati nella larghezza o nello
spessore con una pendenza ≤1⁄4.","- Tutte le saldature
livellate mediante rettifica
fino alla superficie della
piastra in direzione
parallela alla freccia.
- Utilizzare talloni di
estremità e rimuoverli
successivamente,
livellare mediante rettifica
le estremità delle lamiere
in direzione della
tensione.
- Saldature su entrambi i
lati; verificate secondo
NDT.
Particolare 3):
Si applica solo a
collegamenti di profilati
laminati, tagliati e
risaldati.",assets/details/ec3-026-t01-d01-04.png,extracted_not_engineering_validated
ec3-026-t01-d02-01,ec3,26,8.3,5,90,"5) Giunti trasversali in lamiere o
piatti.
6) Profilati aventi sezioni trasversali
completamente saldate di testa o
profilati laminati senza fori di
scarico.
7) Giunti trasversali in piastre o piatti
rastremati nella larghezza o nello
spessore con una pendenza ≤1⁄4.
Saldatura lavorata meccanicamente
per eliminare gli intagli.","- Altezza del
sovrametallo non
maggiore del 10% della
larghezza della
saldatura, con
transizione graduale fino
alla superficie della
piastra.
- Utilizzare talloni di
estremità e rimuoverli
successivamente,
livellare mediante rettifica
le estremità delle lamiere
in direzione della
tensione.
- Saldature su entrambi i
lati verificate secondo
NDT.

Particolari 5 e 7:
Saldature eseguite in
piano.",assets/details/ec3-026-t01-d02-01.png,extracted_not_engineering_validated
ec3-026-t01-d02-02,ec3,26,8.3,6,90,"5) Giunti trasversali in lamiere o
piatti.
6) Profilati aventi sezioni trasversali
completamente saldate di testa o
profilati laminati senza fori di
scarico.
7) Giunti trasversali in piastre o piatti
rastremati nella larghezza o nello
spessore con una pendenza ≤1⁄4.
Saldatura lavorata meccanicamente
per eliminare gli intagli.","- Altezza del
sovrametallo non
maggiore del 10% della
larghezza della
saldatura, con
transizione graduale fino
alla superficie della
piastra.
- Utilizzare talloni di
estremità e rimuoverli
successivamente,
livellare mediante rettifica
le estremità delle lamiere
in direzione della
tensione.
- Saldature su entrambi i
lati verificate secondo
NDT.

Particolari 5 e 7:
Saldature eseguite in
piano.",assets/details/ec3-026-t01-d02-02.png,extracted_not_engineering_validated
ec3-026-t01-d02-03,ec3,26,8.3,7,90,"5) Giunti trasversali in lamiere o
piatti.
6) Profilati aventi sezioni trasversali
completamente saldate di testa o
profilati laminati senza fori di
scarico.
7) Giunti trasversali in piastre o piatti
rastremati nella larghezza o nello
spessore con una pendenza ≤1⁄4.
Saldatura lavorata meccanicamente
per eliminare gli intagli.","- Altezza del
sovrametallo non
maggiore del 10% della
larghezza della
saldatura, con
transizione graduale fino
alla superficie della
piastra.
- Utilizzare talloni di
estremità e rimuoverli
successivamente,
livellare mediante rettifica
le estremità delle lamiere
in direzione della
tensione.
- Saldature su entrambi i
lati verificate secondo
NDT.

Particolari 5 e 7:
Saldature eseguite in
piano.",assets/details/ec3-026-t01-d02-03.png,extracted_not_engineering_validated
ec3-027-t01-d01,ec3,27,8.3,12,63,"12) Profilati aventi sezioni trasversali
completamente saldate di testa o
profilati laminati senza fori di scarico.","- Utilizzare talloni di
estremità e rimuoverli
successivamente,
livellare mediante rettifica
le estremità delle lamiere
in direzione della
tensione.
- Saldature su entrambi i
lati.",assets/details/ec3-027-t01-d01.png,extracted_not_engineering_validated
ec3-027-t01-d02,ec3,27,8.3,8,90,"8) Come il particolare 3) ma con fori di
scarico.","- Tutte le saldature
livellate mediante rettifica
fino alla superficie della
piastra in direzione
parallela alla freccia.
- Utilizzare talloni di
estremità e rimuoverli
successivamente,
livellare mediante rettifica
le estremità delle lamiere
in direzione della
tensione.
- Saldature su entrambi i
lati verificate secondo
NDT.
- Profilati laminati con le
stesse dimensioni senza
differenze di tolleranza.",assets/details/ec3-027-t01-d02.png,extracted_not_engineering_validated
ec3-027-t01-d03-01,ec3,27,8.3,9,80,"9) Giunti trasversali di lamiere in travi
composte senza fori di scarico.
10) Profilati aventi sezioni trasversali
completamente saldate di testa o
profilati laminati con fori di scarico.
11) Giunti trasversali in piastre, piatti,
profilati laminati o travi composte.","- Altezza del
sovrametallo non
maggiore del 20% della
larghezza della
saldatura, con
transizione graduale alla
superficie della piastra.
- Saldature non livellate
mediante rettifica.
- Utilizzare talloni di
estremità e rimuoverli
successivamente,
livellare mediante rettifica
le estremità delle lamiere
in direzione della
tensione.
- Saldature su entrambi i
lati verificate secondo
NDT.
Particolare 10:
Altezza del sovrametallo
non maggiore del 10%
della larghezza della
saldatura, con
transizione graduale alla
superficie della piastra.",assets/details/ec3-027-t01-d03-01.png,extracted_not_engineering_validated
ec3-027-t01-d03-02,ec3,27,8.3,10,80,"9) Giunti trasversali di lamiere in travi
composte senza fori di scarico.
10) Profilati aventi sezioni trasversali
completamente saldate di testa o
profilati laminati con fori di scarico.
11) Giunti trasversali in piastre, piatti,
profilati laminati o travi composte.","- Altezza del
sovrametallo non
maggiore del 20% della
larghezza della
saldatura, con
transizione graduale alla
superficie della piastra.
- Saldature non livellate
mediante rettifica.
- Utilizzare talloni di
estremità e rimuoverli
successivamente,
livellare mediante rettifica
le estremità delle lamiere
in direzione della
tensione.
- Saldature su entrambi i
lati verificate secondo
NDT.
Particolare 10:
Altezza del sovrametallo
non maggiore del 10%
della larghezza della
saldatura, con
transizione graduale alla
superficie della piastra.",assets/details/ec3-027-t01-d03-02.png,extracted_not_engineering_validated
ec3-027-t01-d03-03,ec3,27,8.3,11,80,"9) Giunti trasversali di lamiere in travi
composte senza fori di scarico.
10) Profilati aventi sezioni trasversali
completamente saldate di testa o
profilati laminati con fori di scarico.
11) Giunti trasversali in piastre, piatti,
profilati laminati o travi composte.","- Altezza del
sovrametallo non
maggiore del 20% della
larghezza della
saldatura, con
transizione graduale alla
superficie della piastra.
- Saldature non livellate
mediante rettifica.
- Utilizzare talloni di
estremità e rimuoverli
successivamente,
livellare mediante rettifica
le estremità delle lamiere
in direzione della
tensione.
- Saldature su entrambi i
lati verificate secondo
NDT.
Particolare 10:
Altezza del sovrametallo
non maggiore del 10%
della larghezza della
saldatura, con
transizione graduale alla
superficie della piastra.",assets/details/ec3-027-t01-d03-03.png,extracted_not_engineering_validated
ec3-028-t01-d01,ec3,28,8.3,"18,19","Come
particolare
1 nel
prospetto
8.5
Come
particolare
4 nel
prospetto
8.4","18) Saldature di testa
trasversali in
corrispondenza di ali che
si intersecano.

19) Con raggi di raccordo
secondo il particolare 4
del prospetto 8.4.","Particolari 18) e 19):
La curva di fatica del
componente
continuo deve essere
verificata con il
particolare 4 o
particolare 5 del
prospetto 8.4.",assets/details/ec3-028-t01-d01.png,extracted_not_engineering_validated
ec3-028-t01-d02,ec3,28,8.3,13,"36
71","13) Saldature di testa
eseguite da un solo lato.

13) Saldature di testa
eseguite da un solo lato
quando la completa
penetrazione è verificata
da appropriato NDT.","13) Senza piatto
posteriore.",assets/details/ec3-028-t01-d02.png,extracted_not_engineering_validated
ec3-028-t01-d03-01,ec3,28,8.3,14,71,"Con piatto posteriore:
14) Giunti trasversali.
15) Saldature di testa
trasversali in piastre o
piatti rastremati nella
larghezza o nello
spessore con una
pendenza ≤1⁄4.
Valida anche per piastre
curve.","Particolari 14) e 15):
I cordoni di saldatura
che fissano il piatto
posteriore devono
terminare ad una
distanza ≥10 mm dai
bordi della piastra
sollecitata.
Punti di saldatura
all’interno delle
giunzioni saldate di
testa.",assets/details/ec3-028-t01-d03-01.png,extracted_not_engineering_validated
ec3-028-t01-d03-02,ec3,28,8.3,15,71,"Con piatto posteriore:
14) Giunti trasversali.
15) Saldature di testa
trasversali in piastre o
piatti rastremati nella
larghezza o nello
spessore con una
pendenza ≤1⁄4.
Valida anche per piastre
curve.","Particolari 14) e 15):
I cordoni di saldatura
che fissano il piatto
posteriore devono
terminare ad una
distanza ≥10 mm dai
bordi della piastra
sollecitata.
Punti di saldatura
all’interno delle
giunzioni saldate di
testa.",assets/details/ec3-028-t01-d03-02.png,extracted_not_engineering_validated
ec3-028-t01-d04,ec3,28,8.3,16,50,"16) Saldature di testa
trasversali su un piatto
posteriore permanente
rastremato nella
larghezza o nello
spessore con una
pendenza ≤1⁄4.
Valida anche per piastre
curve.","16) Qualora i cordoni
di saldatura del piatto
posteriore finiscano
ad una distanza
<10 mm dal bordo
della piastra, o
quando non può
essere assicurato un
buon
accoppiamento.",assets/details/ec3-028-t01-d04.png,extracted_not_engineering_validated
ec3-028-t01-d05,ec3,28,8.3,17,71,"17) Saldature di testa
trasversali, differenti
spessori senza
transizione, linee d’asse
allineate.",,assets/details/ec3-028-t01-d05.png,extracted_not_engineering_validated
ec3-029-t01-d01,ec3,29,8.4,5,40,"5) Come saldato, senza raggio di
raccordo.",,assets/details/ec3-029-t01-d01.png,extracted_not_engineering_validated
ec3-029-t01-d02,ec3,29,8.4,9,80,"9) L’effetto di connettori a taglio
saldati sul materiale base.",,assets/details/ec3-029-t01-d02.png,extracted_not_engineering_validated
ec3-029-t01-d03,ec3,29,8.4,1,"80
71
63
56","Elementi collegati longitudinali:
1) La categoria del particolare
varia in funzione della lunghezza
dell’elemento collegato L.","Lo spessore dell’elemento
collegato deve essere minore
della sua altezza. Altrimenti
vedere prospetto 8.5,
particolari 5 o 6.",assets/details/ec3-029-t01-d03.png,extracted_not_engineering_validated
ec3-029-t01-d04,ec3,29,8.4,2,71,"2) Elementi collegati
longitudinalmente a lamiere o
tubi.",,assets/details/ec3-029-t01-d04.png,extracted_not_engineering_validated
ec3-029-t01-d05,ec3,29,8.4,3,80,"3) Fazzoletti longitudinali saldati
a cordone d’angolo aventi un
raggio che consenta un raccordo
alla lamiera o al tubo; zona
terminale di giunzione saldata
rinforzata
(a completa penetrazione);
lunghezza della saldatura
rinforzata >r.","Particolari 3) e 4):

Il fazzoletto deve essere
realizzato prima delle
operazioni di saldatura,
mediante taglio meccanico o
termico, con un raggio r che
consenta un raccordo dolce
con la lamiera. Dopo
l’esecuzione del giunto la
zona della saldatura deve
essere molata nella direzione
della freccia fino a rimuovere
completamente il piede della
saldatura.",assets/details/ec3-029-t01-d05.png,extracted_not_engineering_validated
ec3-029-t01-d06,ec3,29,8.4,4,"90
71
50","4) Fazzoletto saldato al bordo di
una lamiera o all’ala di una trave.","Particolari 3) e 4):

Il fazzoletto deve essere
realizzato prima delle
operazioni di saldatura,
mediante taglio meccanico o
termico, con un raggio r che
consenta un raccordo dolce
con la lamiera. Dopo
l’esecuzione del giunto la
zona della saldatura deve
essere molata nella direzione
della freccia fino a rimuovere
completamente il piede della
saldatura.",assets/details/ec3-029-t01-d06.png,extracted_not_engineering_validated
ec3-029-t01-d07-01,ec3,29,8.4,6,"80
71","Elementi collegati trasversali:

6) Saldati a lamiere.
7) Irrigidimenti verticali saldati a
travi o a travi composte.
8) Diaframmi di travi a cassone
saldati all’ala o all’anima.
Possono non essere possibili per
piccole sezioni tubolari.
I valori sono anche validi per
anelli di irrigidimento.","Particolari 6) e 7):
Le zone terminali delle
saldature devono essere
accuratamente rettificate per
rimuovere tutte le incisioni che
possono essere presenti.

7) ∆σ deve essere calcolato
utilizzando tensioni principali
se l’irrigidimento termina
nell’anima, vedere il lato
sinistro.",assets/details/ec3-029-t01-d07-01.png,extracted_not_engineering_validated
ec3-029-t01-d07-02,ec3,29,8.4,7,"80
71","Elementi collegati trasversali:

6) Saldati a lamiere.
7) Irrigidimenti verticali saldati a
travi o a travi composte.
8) Diaframmi di travi a cassone
saldati all’ala o all’anima.
Possono non essere possibili per
piccole sezioni tubolari.
I valori sono anche validi per
anelli di irrigidimento.","Particolari 6) e 7):
Le zone terminali delle
saldature devono essere
accuratamente rettificate per
rimuovere tutte le incisioni che
possono essere presenti.

7) ∆σ deve essere calcolato
utilizzando tensioni principali
se l’irrigidimento termina
nell’anima, vedere il lato
sinistro.",assets/details/ec3-029-t01-d07-02.png,extracted_not_engineering_validated
ec3-029-t01-d07-03,ec3,29,8.4,8,"80
71","Elementi collegati trasversali:

6) Saldati a lamiere.
7) Irrigidimenti verticali saldati a
travi o a travi composte.
8) Diaframmi di travi a cassone
saldati all’ala o all’anima.
Possono non essere possibili per
piccole sezioni tubolari.
I valori sono anche validi per
anelli di irrigidimento.","Particolari 6) e 7):
Le zone terminali delle
saldature devono essere
accuratamente rettificate per
rimuovere tutte le incisioni che
possono essere presenti.

7) ∆σ deve essere calcolato
utilizzando tensioni principali
se l’irrigidimento termina
nell’anima, vedere il lato
sinistro.",assets/details/ec3-029-t01-d07-03.png,extracted_not_engineering_validated
ec3-030-t01-d01,ec3,30,8.5,2,"Come
particolare 1
nel
prospetto
8.5","2) Collasso del piede della
saldatura che si propaga dal
bordo dell’elemento collegato
alla lamiera, con picchi della
tensione alle zone terminali
della saldatura dovuti alle
deformazioni locali della
lamiera.","1) Ispezione trovata esente da
discontinuità e disallineamenti al
di fuori delle tolleranze della
EN 1090.
2) Per valutare ∆σ, utilizzare la
tensione nominale modificata.
3) Nei collegamenti a parziale
penetrazione sono richieste due
verifiche a fatica. In accordo alla
prima verifica, la cricca alla
radice è verificata considerando
le tensioni definite nel punto 5,
utilizzando la categoria 36* per
∆σw e la categoria 80 per ∆τw. In
accordo alla seconda verifica, la
cricca al piede della saldatura è
verificata determinando ∆σ nelle
lamiere caricate.

Particolari da 1) a 3):
Si raccomanda che i
disallineamenti delle lamiere
soggette a carichi non eccedano
il 15% dello spessore della
lamiera intermedia.",assets/details/ec3-030-t01-d01.png,extracted_not_engineering_validated
ec3-030-t01-d02,ec3,30,8.5,3,36*,"3) Collasso alla radice della
saldatura in giunzioni a T
saldate di testa a parziale
penetrazione o collegamenti
saldati a cordoni d’angolo e
completa penetrazione
efficace in collegamenti a T
saldati di testa","1) Ispezione trovata esente da
discontinuità e disallineamenti al
di fuori delle tolleranze della
EN 1090.
2) Per valutare ∆σ, utilizzare la
tensione nominale modificata.
3) Nei collegamenti a parziale
penetrazione sono richieste due
verifiche a fatica. In accordo alla
prima verifica, la cricca alla
radice è verificata considerando
le tensioni definite nel punto 5,
utilizzando la categoria 36* per
∆σw e la categoria 80 per ∆τw. In
accordo alla seconda verifica, la
cricca al piede della saldatura è
verificata determinando ∆σ nelle
lamiere caricate.

Particolari da 1) a 3):
Si raccomanda che i
disallineamenti delle lamiere
soggette a carichi non eccedano
il 15% dello spessore della
lamiera intermedia.",assets/details/ec3-030-t01-d02.png,extracted_not_engineering_validated
ec3-030-t01-d03,ec3,30,8.5,4,"Come
particolare 1
nel
prospetto
8.5","Collegamenti saldati per
sovrapposizione:

4) Collegamenti per
sovrapposizione con
saldatura a cordoni d’angolo.","4) ∆σ nella lamiera principale
deve essere calcolata sulla base
dell’area mostrata nello schizzo.
5) ∆σ deve essere calcolata
nelle lamiere di sovrapposizione.

Particolari 4) e 5):
- Estremità della saldatura a più
di 10 mm dal bordo della lamiera.
- Si raccomanda che la frattura
per taglio in una saldatura sia
verificata utilizzando il particolare
8).",assets/details/ec3-030-t01-d03.png,extracted_not_engineering_validated
ec3-030-t01-d04,ec3,30,8.5,5,45*,"Sovrapposizioni:

5) Collegamenti per
sovrapposizione con
saldatura a cordoni d’angolo.","4) ∆σ nella lamiera principale
deve essere calcolata sulla base
dell’area mostrata nello schizzo.
5) ∆σ deve essere calcolata
nelle lamiere di sovrapposizione.

Particolari 4) e 5):
- Estremità della saldatura a più
di 10 mm dal bordo della lamiera.
- Si raccomanda che la frattura
per taglio in una saldatura sia
verificata utilizzando il particolare
8).",assets/details/ec3-030-t01-d04.png,extracted_not_engineering_validated
ec3-031-t01-d01,ec3,31,8.5,7,56,"7) Piastre coprigiunto in travi e
travi composte.
La minima lunghezza della
saldatura rinforzata è 5 tc.","7) Saldatura trasversale nel tratto
terminale livellata mediante
rettifica. In aggiunta, se tc> 20 mm,
lato frontale della piastra rettificata
con una pendenza minore di <1⁄4.",assets/details/ec3-031-t01-d01.png,extracted_not_engineering_validated
ec3-031-t01-d02-01,ec3,31,8.5,8,"80
m = 5","8) Saldature continue a
cordone d’angolo soggette a
taglio, come saldature tra
anima ed ala in travi
composte.
9) Collegamenti per
sovrapposizione con
saldatura a cordoni d’angolo.","8) ∆τ deve essere calcolata in
base all’area della sezione di gola
della saldatura.
9) ∆τ calcolato in base all’area
della sezione di gola della
saldatura considerando la
lunghezza totale della saldatura.
Estremità della saldatura a più di
10 mm dal bordo della lamiera,
vedere anche i particolari 4) e 5)
riportati sopra.",assets/details/ec3-031-t01-d02-01.png,extracted_not_engineering_validated
ec3-031-t01-d02-02,ec3,31,8.5,9,"80
m = 5","8) Saldature continue a
cordone d’angolo soggette a
taglio, come saldature tra
anima ed ala in travi
composte.
9) Collegamenti per
sovrapposizione con
saldatura a cordoni d’angolo.","8) ∆τ deve essere calcolata in
base all’area della sezione di gola
della saldatura.
9) ∆τ calcolato in base all’area
della sezione di gola della
saldatura considerando la
lunghezza totale della saldatura.
Estremità della saldatura a più di
10 mm dal bordo della lamiera,
vedere anche i particolari 4) e 5)
riportati sopra.",assets/details/ec3-031-t01-d02-02.png,extracted_not_engineering_validated
ec3-031-t01-d03,ec3,31,8.5,10,"Vedere
EN 1994-2
(90 m = 8)","Connettori a taglio saldati:
10) Per applicazioni in
elementi composti.","10) ∆τ deve essere calcolato
sulla base della sezione
trasversale nominale del
connettore.",assets/details/ec3-031-t01-d03.png,extracted_not_engineering_validated
ec3-031-t01-d04,ec3,31,8.5,"11,12","71
40","11) Collegamento di tubo con
manicotto avente saldature di
testa a penetrazione completa
all’80%.

12) Collegamento di tubo con
manicotto avente saldature a
cordoni d’angolo.","11) Piede della saldatura
rettificato. ∆σ valutato
nell’elemento tubolare.

12) ∆σ valutato nell’elemento
tubolare.",assets/details/ec3-031-t01-d04.png,extracted_not_engineering_validated
ec3-031-t02-d01,ec3,31,8.6,1,71,"1) Collegamento tubo-piastra,
tubi appiattiti, saldature di testa
(cianfrini ad X).","1) ∆σ valutato nell’elemento
tubolare.
Valida solo per tubi con diametro
minore di 200 mm.",assets/details/ec3-031-t02-d01.png,extracted_not_engineering_validated
ec3-031-t02-d02,ec3,31,8.6,2,"71
63","2) Collegamento tubo-piastra,
tubi tagliati e saldati ad una
piastra. Fori alle estremità del
taglio.","2) ∆σ valutato nell’elemento
tubolare.
Si raccomanda che la resistenza a
rottura a taglio della saldatura sia
calcolata utilizzando il particolare
8) del prospetto 8.5.",assets/details/ec3-031-t02-d02.png,extracted_not_engineering_validated
ec3-032-t01-d01,ec3,32,8.6,3,71,"Saldature di testa
trasversali:
3) Saldature testa a testa
di profilati tubolari a
sezione circolare.","Particolari 3) e 4):
- Altezza del sovrametallo
≤10% della larghezza della
saldatura, con transizione
graduale.
- Saldature eseguite in
piano, ispezionate e trovate
esenti da difetti al di fuori
delle tolleranze della
EN 1090.
- Se t > 8 mm classificare
aumentando la categoria di
particolare di 2 volte.",assets/details/ec3-032-t01-d01.png,extracted_not_engineering_validated
ec3-032-t01-d02,ec3,32,8.6,4,56,"4) Saldature testa a testa
di profilati tubolari a
sezione rettangolare.","Particolari 3) e 4):
- Altezza del sovrametallo
≤10% della larghezza della
saldatura, con transizione
graduale.
- Saldature eseguite in
piano, ispezionate e trovate
esenti da difetti al di fuori
delle tolleranze della
EN 1090.
- Se t > 8 mm classificare
aumentando la categoria di
particolare di 2 volte.",assets/details/ec3-032-t01-d02.png,extracted_not_engineering_validated
ec3-032-t01-d03,ec3,32,8.6,5,71,"Elementi collegati
mediante saldatura:
5) Profilati tubolari a
sezione circolare o
rettangolare saldati a
cordone d’angolo ad altro
profilato.","5)
- Saldature non soggette a
carico.
- Larghezza parallela alla
direzione della tensione
l ≤ 100 mm.
- Per gli altri casi vedere
prospetto 8.4.",assets/details/ec3-032-t01-d03.png,extracted_not_engineering_validated
ec3-032-t01-d04,ec3,32,8.6,6,50,"Giunti trasversali saldati:
6) Profilati tubolari a
sezione circolare saldati
testa a testa con
interposizione di una
piastra.","Particolari 6) e 7):
- Saldature soggette a
carichi.
- Saldature ispezionate e
trovate esenti da difetti al di
fuori delle tolleranze della
EN 1090.
- Se t > 8 mm classificare
aumentando la categoria di
particolare di 1 volta.",assets/details/ec3-032-t01-d04.png,extracted_not_engineering_validated
ec3-032-t01-d05,ec3,32,8.6,7,45,"7) Profilati tubolari a
sezione rettangolare
saldati testa a testa con
interposizione di una
piastra.","Particolari 6) e 7):
- Saldature soggette a
carichi.
- Saldature ispezionate e
trovate esenti da difetti al di
fuori delle tolleranze della
EN 1090.
- Se t > 8 mm classificare
aumentando la categoria di
particolare di 1 volta.",assets/details/ec3-032-t01-d05.png,extracted_not_engineering_validated
ec3-032-t01-d06,ec3,32,8.6,8,40,"8) Profilati tubolari a
sezione circolare saldati
testa a testa con
interposizione di una
piastra.","Particolari 8) e 9):
- Saldature soggette a
carichi.
- Spessore parete t ≤ 8 mm.",assets/details/ec3-032-t01-d06.png,extracted_not_engineering_validated
ec3-032-t01-d07,ec3,32,8.6,9,36,"9) Profilati tubolari a
sezione rettangolare
saldati testa a testa con
interposizione di una
piastra.","Particolari 8) e 9):
- Saldature soggette a
carichi.
- Spessore parete t ≤ 8 mm.",assets/details/ec3-032-t01-d07.png,extracted_not_engineering_validated
ec3-033-t01-d01,ec3,33,8.7,1,"90
m = 5
45
m = 5","t0        Collegamenti con elementi diagonali distanziati alle estremità:
 --- ≥ 2,0
 ti         Particolare 1): collegamenti a K ed a N, profilati tubolari a
          sezione circolare




t0
--- = 1,0
ti","Particolari 1) e 2):
-  Sono necessarie valutazioni separate per le corde e
   per i controventi.
-  Per valori intermedi del rapporto to/ti interpolare
   linearmente tra le categorie di particolare.
-   Saldature a cordone d’angolo permesse per
   controventi con spessore delle pareti t ≤ 8 mm.
-    to e ti ≤ 8 mm.
-  35° ≤θ ≤ 50°.
-   b0/t0 × t0/ti ≤ 25.
-   d0/t0 × t0/ti ≤ 25.
-   0,4 ≤bi /b0 ≤ 1,0.
-  0,25 ≤di /d0 ≤ 1,0.
-   b0 ≤ 200 mm.
-   d0 ≤ 300 mm.
-   -0,5h0 ≤ei/p ≤ 0,25h0.
-   -0,5d0 ≤ei/p ≤ 0,25d0.
-   eo/p ≤ 0,02b0 oppure ≤ 0,02d0.
[eo/p è l’eccentricità fuori dal piano]

Particolare 2):
0,5(bo - bi) ≤g ≤ 1,1 (bo - bi) e g ≤ 2to",assets/details/ec3-033-t01-d01.png,extracted_not_engineering_validated
ec3-033-t01-d02,ec3,33,8.7,2,"71
m = 5
36
m = 5","t0        Collegamenti con elementi diagonali distanziati all’estremità:
 --- ≥ 2,0
 ti         Particolare 2): collegamenti a K ed a N, profilati tubolari a
          sezione rettangolare:




t0
--- = 1,0
ti","Particolari 1) e 2):
-  Sono necessarie valutazioni separate per le corde e
   per i controventi.
-  Per valori intermedi del rapporto to/ti interpolare
   linearmente tra le categorie di particolare.
-   Saldature a cordone d’angolo permesse per
   controventi con spessore delle pareti t ≤ 8 mm.
-    to e ti ≤ 8 mm.
-  35° ≤θ ≤ 50°.
-   b0/t0 × t0/ti ≤ 25.
-   d0/t0 × t0/ti ≤ 25.
-   0,4 ≤bi /b0 ≤ 1,0.
-  0,25 ≤di /d0 ≤ 1,0.
-   b0 ≤ 200 mm.
-   d0 ≤ 300 mm.
-   -0,5h0 ≤ei/p ≤ 0,25h0.
-   -0,5d0 ≤ei/p ≤ 0,25d0.
-   eo/p ≤ 0,02b0 oppure ≤ 0,02d0.
[eo/p è l’eccentricità fuori dal piano]

Particolare 2):
0,5(bo - bi) ≤g ≤ 1,1 (bo - bi) e g ≤ 2to",assets/details/ec3-033-t01-d02.png,extracted_not_engineering_validated
ec3-033-t01-d03,ec3,33,8.7,3,"71
m = 5
56
m = 5","Collegamenti con elementi diagonali parzialmente sovrapposti
 t0 --- ≥ 1,4   alle estremità: Particolare 3): collegamenti a K, profilati tubolari
 ti       a sezione circolare o rettangolare:





t0
--- = 1,0
ti","Particolari 3) e 4):
-  30% ≤ sovrapposizione ≤ 100%.
-   sovrapposizione = (q/p) × 100%.
-  Sono necessarie valutazioni separate per le corde e
   per i controventi.
-  Per valori intermedi del rapporto to/ti interpolare
   linearmente tra le categorie di particolare.
-   Saldature a cordone d’angolo permesse per
   controventi con spessore delle pareti t ≤ 8 mm.
-    t0 e ti ≤ 8 mm.
-  35° ≤θ ≤ 50°.
-   b0/t0 × t0/ti ≤ 25.
-   d0/t0 × t0/ti ≤ 25.
-   0,4 ≤bi/b0 ≤ 1,0.
-  0,25 ≤di/d0 ≤ 1,0.
-   b0 ≤ 200 mm.
-   d0 ≤ 300 mm.
-   -0,5h0 ≤ei/p ≤ 0,25h0.
-   -0,5d0 ≤ei/p ≤ 0,25d0.
-   eo/p ≤ 0,02b0 oppure ≤ 0,02d0.
[eo/p è l’eccentricità fuori dal piano]
Definizione di p e q :",assets/details/ec3-033-t01-d03.png,extracted_not_engineering_validated
ec3-033-t01-d04,ec3,33,8.7,4,"71
m = 5
50
m = 5","t0        Collegamenti con elementi diagonali parzialmente sovrapposti
 --- ≥ 1,4   alle estremità: Particolare 4): collegamenti a N, profilati tubolari
 ti
         a sezione circolare o rettangolare:





t0
--- = 1,0
ti","Particolari 3) e 4):
-  30% ≤ sovrapposizione ≤ 100%.
-   sovrapposizione = (q/p) × 100%.
-  Sono necessarie valutazioni separate per le corde e
   per i controventi.
-  Per valori intermedi del rapporto to/ti interpolare
   linearmente tra le categorie di particolare.
-   Saldature a cordone d’angolo permesse per
   controventi con spessore delle pareti t ≤ 8 mm.
-    t0 e ti ≤ 8 mm.
-  35° ≤θ ≤ 50°.
-   b0/t0 × t0/ti ≤ 25.
-   d0/t0 × t0/ti ≤ 25.
-   0,4 ≤bi/b0 ≤ 1,0.
-  0,25 ≤di/d0 ≤ 1,0.
-   b0 ≤ 200 mm.
-   d0 ≤ 300 mm.
-   -0,5h0 ≤ei/p ≤ 0,25h0.
-   -0,5d0 ≤ei/p ≤ 0,25d0.
-   eo/p ≤ 0,02b0 oppure ≤ 0,02d0.
[eo/p è l’eccentricità fuori dal piano]
Definizione di p e q :",assets/details/ec3-033-t01-d04.png,extracted_not_engineering_validated
ec3-034-t01-d01,ec3,34,8.8,3,36,"3) Correnti longitudinali
separate per ogni lato del
traverso.","3) Valutazione basata
sull’intervallo di variazione
della tensione normale ∆σ
nel corrente.",assets/details/ec3-034-t01-d01.png,extracted_not_engineering_validated
ec3-034-t01-d02,ec3,34,8.8,4,71,"4) Collegamento nella
nervatura, giunzione saldata a
completa penetrazione con
piatto posteriore.","4) Valutazione basata
sull’intervallo di variazione
della tensione normale ∆σ
nel corrente.",assets/details/ec3-034-t01-d02.png,extracted_not_engineering_validated
ec3-034-t01-d03,ec3,34,8.8,5,"112
90
80","5) Giunzione saldata a
completa penetrazione
effettuata nella nervatura da
entrambi i lati senza piatto
posteriore.","5) Valutazione basata
sull’intervallo di variazione
della tensione normale ∆σ
nel corrente.
Punti di saldatura all’interno
delle giunzioni saldate.",assets/details/ec3-034-t01-d03.png,extracted_not_engineering_validated
ec3-034-t01-d04,ec3,34,8.8,1,"80
71","1) Correnti longitudinali
continue con tagli aggiuntivi
nella trave principale.","1) Valutazione basata
sull’intervallo di variazione
della tensione normale ∆σ
nel corrente longitudinale.",assets/details/ec3-034-t01-d04.png,extracted_not_engineering_validated
ec3-034-t01-d05,ec3,34,8.8,2,"80
71","2) Correnti longitudinali
continue senza tagli aggiuntivi
nel traverso.","2) Valutazione basata
sull’intervallo di variazione
della tensione normale ∆σ
nel corrente.",assets/details/ec3-034-t01-d05.png,extracted_not_engineering_validated
ec3-035-t01-d01,ec3,35,8.8,6,71,"6) Sezione critica nell’anima
della trave dovuta a tagli.","6) Valutazione basata
sull’intervallo di variazione della
tensione che tiene conto degli
effetti Vierendeel.
Nota    Nel   caso     in    cui
           l’intervallo  di variazione
          della     tensione    è
        determinato secondo    il
        punto  9.4.2.2(3)   della
      EN 1993-2, può essere
          utilizzata la categoria di
          particolare 112.",assets/details/ec3-035-t01-d01.png,extracted_not_engineering_validated
ec3-035-t01-d02-01,ec3,35,8.8,7,"D




71
S





50","Saldatura che collega una
lamiera piana ad una nervatura

lamiera piana ad una nervatura
con sezione trapezoidale o a V

7) Saldatura a parziale
penetrazione con a ≥ t .

8) Saldatura a cordone
d’angolo o saldature a parziale
penetrazione al di fuori
dell’intervallo del particolare 7).","7) Valutazione basata
sull’intervallo di variazione della
tensione normale prodotta dalla
flessione nella lamiera.

8) Valutazione basata
sull’intervallo di variazione della
tensione normale prodotta dalla
flessione nella lamiera.",assets/details/ec3-035-t01-d02-01.png,extracted_not_engineering_validated
ec3-035-t01-d02-02,ec3,35,8.8,8,"D




71
S





50","Saldatura che collega una
lamiera piana ad una nervatura

lamiera piana ad una nervatura
con sezione trapezoidale o a V

7) Saldatura a parziale
penetrazione con a ≥ t .

8) Saldatura a cordone
d’angolo o saldature a parziale
penetrazione al di fuori
dell’intervallo del particolare 7).","7) Valutazione basata
sull’intervallo di variazione della
tensione normale prodotta dalla
flessione nella lamiera.

8) Valutazione basata
sull’intervallo di variazione della
tensione normale prodotta dalla
flessione nella lamiera.",assets/details/ec3-035-t01-d02-02.png,extracted_not_engineering_validated
ec3-036-t01-d01,ec3,36,8.9,2,56,"2) Connessione di correnti longitudinali
continui a traversi
      ∆Ms
∆σ =    --------------
        Wnet,s
      ∆Vs
∆τ =    -----------------
         Aw,net,s
Verificare anche l’intervallo di
variazione della tensione tra i correnti
come definito nella EN 1993-2.","2) Valutazione basata combinando
l’intervallo di variazione della tensione
tangenziale ∆τ e l’intervallo di variazione
della tensione normale ∆σ nell’anima del
traverso come un intervallo di variazione
della tensione equivalente:
        1∆σeq =   ( ∆σ+  ∆σ2 + 4∆τ2 )                        2--",assets/details/ec3-036-t01-d01.png,extracted_not_engineering_validated
ec3-036-t01-d02,ec3,36,8.9,1,"80
71","1) Connessione di correnti longitudinali
a traversi.","1) Valutazione basata sull’intervallo di
variazione della tensione normale ∆σ nel
corrente.",assets/details/ec3-036-t01-d02.png,extracted_not_engineering_validated
ec3-037-t01-d01,ec3,37,8.10,4,36*,4) Saldature a cordoni d’angolo.,"4) Intervallo di variazione della tensione ∆σvert
nella gola della saldatura dovuto alla
compressione verticale derivante dai carichi
trasmessi dalla ruota.",assets/details/ec3-037-t01-d01.png,extracted_not_engineering_validated
ec3-037-t01-d02,ec3,37,8.10,5,71,"5) Ala di sezione a T con giunzione saldata
a T a completa penetrazione.","5) Intervallo di variazione della tensione
verticale di compressione ∆σvert nell’anima
dovuto ai carichi trasmessi dalla ruota.",assets/details/ec3-037-t01-d02.png,extracted_not_engineering_validated
ec3-037-t01-d03,ec3,37,8.10,6,36*,"6) Ala di sezione a T con giunzione saldata
a T a parziale penetrazione o giunzione
saldata a T a completa penetrazione
efficace in conformità alla EN 1993-1-8.","6) Intervallo di variazione della tensione ∆σvert
nella gola della saldatura dovuto alla
compressione verticale derivante dai carichi
trasmessi dalla ruota.",assets/details/ec3-037-t01-d03.png,extracted_not_engineering_validated
ec3-037-t01-d04,ec3,37,8.10,7,36*,"7) Ala di sezione a T con saldature a
cordoni d’angolo.","7) Intervallo di variazione della tensione ∆σvert
nella gola della saldatura dovuto alla
compressione verticale derivante dai carichi
trasmessi dalla ruota.",assets/details/ec3-037-t01-d04.png,extracted_not_engineering_validated
ec3-041-t01-d01,ec3,41,B.1,1,112,"1) Giunzione saldata di testa a completa
penetrazione.","1)
- Tutte le saldature livellate mediante
rettifica fino alla superficie della
piastra in direzione parallela alla
freccia.
- Utilizzare talloni di estremità e
rimuoverli successivamente, livellare
mediante rettifica le estremità delle
lamiere in direzione della tensione.
- Saldature su entrambi i lati verificate
secondo NDT.
- Per i disallineamenti vedere nota 1.",assets/details/ec3-041-t01-d01.png,extracted_not_engineering_validated
ec3-041-t01-d02,ec3,41,B.1,2,100,"2) Giunzione saldata di testa a completa
penetrazione.","2)
- Saldature non livellate mediante
rettifica.
- Utilizzare talloni di estremità e
rimuoverli successivamente, livellare
mediante rettifica le estremità delle
lamiere in direzione della tensione.
- Saldature su entrambi i lati.
- Per i disallineamenti vedere nota 1.",assets/details/ec3-041-t01-d02.png,extracted_not_engineering_validated
ec3-041-t01-d03,ec3,41,B.1,3,100,"3) Giunzioni a croce con saldature di
testa a K a completa penetrazione.","3)
- Angolo del piede della saldatura
≤60°.
- Per i disallineamenti vedere nota 1.",assets/details/ec3-041-t01-d03.png,extracted_not_engineering_validated
ec3-041-t01-d04,ec3,41,B.1,4,100,"4) Saldature a cordoni d’angolo non
soggette a carichi.","4)
- Angolo del piede della saldatura
≤60°.
- Vedere anche nota 2.",assets/details/ec3-041-t01-d04.png,extracted_not_engineering_validated
ec3-041-t01-d05,ec3,41,B.1,5,100,"5) Parti terminali di supporti, irrigidimenti
longitudinali.","5)
- Angolo del piede della saldatura
≤60°.
- Vedere anche nota 2.",assets/details/ec3-041-t01-d05.png,extracted_not_engineering_validated
iiw-047-t01-d01,iiw,47,3.2-1,111,"steel: No fatigue resistance of any detail to be higher at any
number of cycles!

Sharp edges, surface and rolling flaws to be removed
by grinding. Any machining lines or grooves to be par-
allel to stresses!

For high strength steels a higher FAT class may be used
if verified by test.; aluminium: 70
80","Rolled or extruded products, compo-
nents with machined edges, seamless
hollow sections.

        m = 5

St.:     For high strength steels a hig-
        her FAT class may be used if
         verified by test.

Al.:   AA 5000/6000 alloys
     AA 7000 alloys",,assets/details/iiw-047-t01-d01.png,extracted_not_engineering_validated
iiw-047-t01-d02,iiw,47,3.2-1,121,"steel: All visible signs of edge imperfections to be removed.
The cut surfaces to be machined or ground, all burrs to
be removed.

No repair by welding refill!

Notch effects due to shape of edges have to be conside-
red.; aluminium: ---","Machine gas cut or sheared material
with subsequent dressing, no cracks by
inspection, no visible imperfections

        m = 3",,assets/details/iiw-047-t01-d02.png,extracted_not_engineering_validated
iiw-048-t01-d01,iiw,48,3.2-1,122,steel: 125; aluminium: 40,"Machine thermally cut edges, corners
removed, no cracks by inspection

        m = 3","Notch effects due to shape of edges have to be conside-
red.",assets/details/iiw-048-t01-d01.png,extracted_not_engineering_validated
iiw-048-t01-d02,iiw,48,3.2-1,123,steel: 100; aluminium: ---,"Manually thermally cut edges, free
from cracks and severe notches

        m = 3","Notch effects due to shape of edges have to be conside-
red.",assets/details/iiw-048-t01-d02.png,extracted_not_engineering_validated
iiw-048-t01-d03,iiw,48,3.2-1,124,steel: 80; aluminium: ---,"Manually thermally cut edges, uncon-
trolled, no notch deeper
than 0.5 mm
        m = 3","Notch effects due to shape of edges have to be conside-
red.",assets/details/iiw-048-t01-d03.png,extracted_not_engineering_validated
iiw-049-t01-d01,iiw,49,3.2-1,211,steel: 112; aluminium: 45,"Transverse loaded butt weld (X-groove
or V-groove) ground flush to plate,
100% NDT","All welds ground flush to surface, grinding parallel to
direction of stress. Weld run-on and run-off pieces to be
used and subsequently removed. Plate edges to be
ground flush in direction of stress. Welded from both
sides. Misalignement < 5%

Required quality cannot be inspected by NDT !",assets/details/iiw-049-t01-d01.png,extracted_not_engineering_validated
iiw-049-t01-d02,iiw,49,3.2-1,212,steel: 90; aluminium: 36,"Transverse butt weld made in shop in
flat position,
weld reinforcement < 0.1 A thickness","Weld run-on and run-off pieces to be used and subse-
quently removed. Plate edges to be ground flush in di-
rection of stress.

Welded from both sides. Misalignment <5%",assets/details/iiw-049-t01-d02.png,extracted_not_engineering_validated
iiw-049-t01-d03,iiw,49,3.2-1,213,"steel: 80; aluminium: 32
25","Transverse butt weld not satisfying con-
ditions of 212, NDT

Al.: Butt weld with toe angle #50°
    Butt welds with toe angle >50/","Weld run-on and run-off pieces to be used and subse-
quently removed. Plate edges to be ground flush in di-
rection of stress.

Welded from both sides. Misalignment <10%",assets/details/iiw-049-t01-d03.png,extracted_not_engineering_validated
iiw-050-t01-d01,iiw,50,3.2-1,214,steel: 80; aluminium: 28-,"Transverse butt weld, welded on non-
fusible backing, root crack","Backing removed, root visually inspected.
Misalignment <10%",assets/details/iiw-050-t01-d01.png,extracted_not_engineering_validated
iiw-050-t01-d02,iiw,50,3.2-1,215,"steel: 71

63; aluminium: 25

22","Transverse butt weld on permanent ba-
cking bar terminating >10 mm from
plate edge,          else –>",Misalignment <10%,assets/details/iiw-050-t01-d02.png,extracted_not_engineering_validated
iiw-050-t01-d03,iiw,50,3.2-1,216,"steel: 71
36; aluminium: 28
12","Transverse butt welds welded from one
side without backing bar, full penetrati-
on

  root controlled by NDT
  no NDT",Misalignment <10%,assets/details/iiw-050-t01-d03.png,extracted_not_engineering_validated
iiw-051-t01-d01,iiw,51,3.2-1,217,"steel: The detail is not recommended for fatigue loaded mem-
bers.

Assessment by notch stress or fracture mechanics is
preferred.; aluminium: 12","Transverse partial penetration butt
weld, analysis based on stress in weld
throat sectional area, weld overfill not
to be taken into account.",,assets/details/iiw-051-t01-d01.png,extracted_not_engineering_validated
iiw-051-t01-d02,iiw,51,3.2-1,221,"steel: All welds ground flush to surface, grinding paralell to
direction of stress. Weld run-on and run-off pieces to be
used and subsequently removed. Plate edges to be
ground flush in direction of stress.

Misalignment <5%

Additional misalignment due to thickness step to be
considered, see chapter 3.8.2; aluminium: 45
40
32","Transverse butt weld ground flush,
NDT, with transition in thickness and
width
        slope 1:5
        slope 1:3
        slope 1:2",,assets/details/iiw-051-t01-d02.png,extracted_not_engineering_validated
iiw-051-t01-d03,iiw,51,3.2-1,222,"steel: Weld run-on and run-off pieces to be used and subse-
quently removed. Plate edges to be ground flush in di-
rection of stress.

Misalignment <10%

Additional misalignment due to thickness step to be
considered, see chapter 3.8.2; aluminium: 32
28
25","Transverse butt weld made in shop,
welded in flat position, weld profile
controlled, NDT, with transition in
thickness and width:
        slope 1:5
        slope 1:3
        slope 1:2",,assets/details/iiw-051-t01-d03.png,extracted_not_engineering_validated
iiw-052-t01-d01,iiw,52,3.2-1,223,"steel: 80
71
63; aluminium: 25
22
20","Transverse butt weld, NDT, with transi-
tion on thickness and width
        slope 1:5
        slope 1:3
        slope 1:2","Weld run-on and run-off pieces to be used and subse-
quently removed. Plate edges to be ground flush in di-
rection of stress.

Misalignment <10%

Additional misalignments due to thickness step to be
considered, see chapter 3.8.2",assets/details/iiw-052-t01-d01.png,extracted_not_engineering_validated
iiw-052-t01-d02,iiw,52,3.2-1,224,steel: 71; aluminium: 22,"Transverse butt weld, different thick-
nesses without transition,
centres aligned.
In cases, where weld profile is equiva-
lent to a moderate slope transition, see
no. 222",Misalignment <10% of smaller plate thickness,assets/details/iiw-052-t01-d02.png,extracted_not_engineering_validated
iiw-052-t01-d03,iiw,52,3.2-1,225,steel: 71; aluminium: 22,"Three plate connection, root crack",Misalignment <10%,assets/details/iiw-052-t01-d03.png,extracted_not_engineering_validated
iiw-053-t01-d01,iiw,53,3.2-1,226,steel: 100; aluminium: 40,"Transverse butt weld flange splice in
built-up section welded prior to the as-
sembly, ground flush, with radius tran-
sition, NDT","All welds ground flush to surface, grinding paralell to
direction of stress. Weld run-on and run-off pieces to be
used and subsequently removed. Plate edges to be
ground flush in direction of stress.",assets/details/iiw-053-t01-d01.png,extracted_not_engineering_validated
iiw-053-t01-d02,iiw,53,3.2-1,231,steel: 80; aluminium: 28,"Transverse butt weld splice in rolled
section or bar besides flats, ground
flush, NDT","All welds ground flush to surface, grinding paralell to
direction of stress. Weld run-on and run-off pieces to be
used and subsequently removed. Plate edges to be
ground flush in direction of stress.",assets/details/iiw-053-t01-d02.png,extracted_not_engineering_validated
iiw-053-t01-d03,iiw,53,3.2-1,232,"steel: 71
36; aluminium: 28
12","Transverse butt weld splice in circular
hollow section, welded from one side,
full penetration, root crack

         root inspected by NDT
       no NDT",Welded in flat position.,assets/details/iiw-053-t01-d03.png,extracted_not_engineering_validated
iiw-053-t01-d04,iiw,53,3.2-1,233,steel: 71; aluminium: 28,Tubular joint with permanent backing,Welded in flat position.,assets/details/iiw-053-t01-d04.png,extracted_not_engineering_validated
iiw-054-t01-d01,iiw,54,3.2-1,234,"steel: 56
36; aluminium: 25
12","Transverse butt weld splice in rectan-
gular hollow section, welded from one
side, full penetration, root crack

         root inspected by NDT
       no NDT",Welded in flat position.,assets/details/iiw-054-t01-d01.png,extracted_not_engineering_validated
iiw-054-t01-d02,iiw,54,3.2-1,241,steel: 100; aluminium: 40,"Transverse butt weld ground flush,
weld ends and radius ground, 100%
NDT at crossing flanges, radius transiti-
on.","All welds ground flush to surface, grinding paralell to
direction of stress. Weld run-on and run-off pieces to be
used and subsequently removed. Plate edges to be
ground flush in direction of stress.

Welded from both sides. No misalignment. Required
weld quality cannot be inspected by NDT",assets/details/iiw-054-t01-d02.png,extracted_not_engineering_validated
iiw-054-t01-d03,iiw,54,3.2-1,242,steel: 90; aluminium: 36,"Transverse butt weld made in shop at
flat position, weld profile controlled,
NDT, at crossing flanges, radius transi-
tion","Weld run-on and run-off pieces to be used and subse-
quently removed. Plate edges to be ground flush in di-
rection of stress.

Welded from both sides.Misalignment <5%",assets/details/iiw-054-t01-d03.png,extracted_not_engineering_validated
iiw-055-t01-d01,iiw,55,3.2-1,243,steel: 80; aluminium: 32,"Transverse butt weld ground flush,
NDT, at crossing flanges with welded
triangular transition plates, weld ends
ground.
Crack starting at butt weld.
For crack of throughgoing flange see
details 525 and 526!","All welds ground flush to surface, grinding paralell to
direction of stress. Plate edges to be ground flush in
direction of stress.

Welded from both sides. Misalignment <10%",assets/details/iiw-055-t01-d01.png,extracted_not_engineering_validated
iiw-055-t01-d02,iiw,55,3.2-1,244,steel: 71; aluminium: 28,"Transverse butt weld, NDT, at crossing
flanges, with welded triangular transi-
tion plates, weld ends ground.
Crack starting at butt weld.

For crack of throughgoing flange see
details 525 and 526!","Plate edges to be ground flush in direction of stress.

Welded from both sides.Misalignment <10%",assets/details/iiw-055-t01-d02.png,extracted_not_engineering_validated
iiw-055-t01-d03,iiw,55,3.2-1,245,steel: 50; aluminium: 20,"Transverse butt weld at crossing flan-
ges.
Crack starting at butt weld.

For crack of throughgoing flange see
details 525 and 526!",Welded from both sides.Misalignment <10%,assets/details/iiw-055-t01-d03.png,extracted_not_engineering_validated
iiw-056-t01-d01,iiw,56,3.2-1,311,"steel: 125



90; aluminium: 50



36","Automatic longitudinal seam welds wit-
hout stop/start positions in hollow sec-
tions

with stop/start positions",,assets/details/iiw-056-t01-d01.png,extracted_not_engineering_validated
iiw-056-t01-d02,iiw,56,3.2-1,312,steel: 125; aluminium: 50,"Longitudinal butt weld, both sides
ground flush parallel to load direction",,assets/details/iiw-056-t01-d02.png,extracted_not_engineering_validated
iiw-056-t01-d03,iiw,56,3.2-1,313,"steel: 125


90; aluminium: 50


36","Longitudinal butt weld, without
stop/start positions, NDT

with stop/start positions",,assets/details/iiw-056-t01-d03.png,extracted_not_engineering_validated
iiw-056-t01-d04,iiw,56,3.2-1,321,steel: 125; aluminium: 50,"Continuous automatic longitudinal fully
penetrated K-butt weld without stop/-
start positions (based on stress range in
flange) NDT","No start-Stop position is permitted except when the re-
pair is performed by a specialist and inspection is car-
ried out to verify the proper execution of the weld.",assets/details/iiw-056-t01-d04.png,extracted_not_engineering_validated
iiw-057-t01-d01,iiw,57,3.2-1,322,steel: 100; aluminium: 40,"Continuous automatic longitudinal dou-
ble sided fillet weld without stop/start
positions (based on stress range in flan-
ge)",Discussion: EC3 has 112 ??,assets/details/iiw-057-t01-d01.png,extracted_not_engineering_validated
iiw-057-t01-d02,iiw,57,3.2-1,323,steel: 90; aluminium: 36,"Continuous manual longitudinal fillet or
butt weld (based on stress range in flan-
ge)",,assets/details/iiw-057-t01-d02.png,extracted_not_engineering_validated
iiw-057-t01-d03,iiw,57,3.2-1,324,"steel: 80
71
63
56
50
45
40
36; aluminium: 32
28
25
22
20
18
16
14","Intermittent longitudinal fillet weld (ba-
sed on normal stress in flange F and
shear stress in web J at weld ends).
        J/F =   0
                 0.0 - 0.2
                 0.2 - 0.3
                 0.3 - 0.4
                 0.4 - 0.5
                 0.5 - 0.6
                 0.6 - 0.7
             > 0.7","Analysis based on normal stress in flange and shear
stress in web at weld ends.


representation by formula??

steel               but >=36



alum.               but >=14",assets/details/iiw-057-t01-d03.png,extracted_not_engineering_validated
iiw-058-t01-d01,iiw,58,3.2-1,325,"steel: 71
63
56
50
45
40
36; aluminium: 28
25
22
20
18
16
14","Longitudinal butt weld, fillet weld or
intermittent weld with cope holes (ba-
sed on normal stress in flange F and
shear stress in web J at weld ends), co-
pe holes not higher than 40% of web.
        J/F =   0
                 0.0 - 0.2
                 0.2 - 0.3
                 0.3 - 0.4
                 0.4 - 0.5
                 0.5 - 0.6
             > 0.6","Analysis based on normal stress in flange and shear
stress in web at weld ends.

representation by formula??

steel               but >=36



alum.               but >=14",assets/details/iiw-058-t01-d01.png,extracted_not_engineering_validated
iiw-059-t01-d01,iiw,59,3.2-1,331,steel: ---; aluminium: ---,"Joint at stiffened knuckle of a flange to
be assessed according to no. 411 - 414,
depending on type of joint.

Stress in stiffener plate:





        Af = area of flange
         ASt = area of stiffener

Stress in weld throat:





      Aw = area of weld throat",,assets/details/iiw-059-t01-d01.png,extracted_not_engineering_validated
iiw-060-t01-d01,iiw,60,3.2-1,332,steel: ---; aluminium: ---,"Unstiffened curved flange to web joint,
to be assessed according to no. 411 -
414, depending on type of joint.

Stress in web plate:





Stress in weld throat:





Ff axial force in flange
t thickness of web plate
a weld throat","The resulting force of Ff-left and Ff-right will bend the
flange perpenticular to the plane of main loading. In
oder to minimize this additional stressing of the welds,
it is recommended to minimize the width and to maxi-
mize the thickness of the flange.

Stress longitudinally to the weld is to be considered. At
additional shear, principle stress in web is to be consi-
red (see 321 to 323)",assets/details/iiw-060-t01-d01.png,extracted_not_engineering_validated
iiw-060-t01-d02,iiw,60,3.2-1,411,steel: 80; aluminium: 28,"Cruciform joint or T-joint, K-butt
welds, full penetration, no lamellar tea-
ring, misalignment e<0.15At, weld toes
ground, toe crack","Material quality of intermediate plate has to be checked
against susceptibility of lamellar tearing.

Misalignment <15% of primary plate.",assets/details/iiw-060-t01-d02.png,extracted_not_engineering_validated
iiw-061-t01-d01,iiw,61,3.2-1,412,"steel: 71




80; aluminium: 25




28","Cruciform joint or T-joint, K-butt
welds, full penetration, no lamellar tea-
ring, misalignment e<0.15At, toe crack

Single sided T-joints and cruciform
joints without misalignment","Material quality of intermediate plate has to be checked
against susceptibility of lamellar tearing.

Misalignment <15% of loaded plate.",assets/details/iiw-061-t01-d01.png,extracted_not_engineering_validated
iiw-061-t01-d02,iiw,61,3.2-1,413,steel: 63; aluminium: 22,"Cruciform joint or T-joint, fillet welds
or partial penetration K-butt welds, no
lamellar tearing, misalignment e<0.15At,
toe crack","Material quality of intermediate plate has to be checked
against susceptibility of lamellar tearing.

Misalignment <15% of loaded plate.

Also to be assessed as 414",assets/details/iiw-061-t01-d02.png,extracted_not_engineering_validated
iiw-061-t01-d03,iiw,61,3.2-1,414,"steel: 36



40; aluminium: 12



14","Cruciform joint or T-joint, fillet welds
or partial penetration K-butt welds in-
cluding toe ground joints,
weld root crack.
For a/t<=1/3","Analysis based on stress in weld throat Also to bes as-
sessed as 413.

Ratio a/t is calculated from weld throat over wall thick-
nes",assets/details/iiw-061-t01-d03.png,extracted_not_engineering_validated
iiw-061-t01-d04,iiw,61,3.2-1,415,"steel: 71

36; aluminium: 25

12","Cruciform joint or T-joint, single-sided
arc or laser beam welded V-butt weld,
full penetration, no lamellar tearing,
misalignment e< 0.15At, toe crack. Root
inspected.

If root is not inspected, then root crack",,assets/details/iiw-061-t01-d04.png,extracted_not_engineering_validated
iiw-062-t01-d01,iiw,62,3.2-1,416,"steel: 71





36; aluminium: 25





12","Cruciform joint or T-joint, single-sided
arc welded fillet or partial penetration
Y-butt weld, no lamellar tearing,
misalignment of plates e< 0.15At, stress
at weld root. Penetration verified.

Penetration not verified.","Analysis based on stress in weld root. Excentricity e of
plate t and weld throat a midpoints to be considered in
analysis. Stress at weld root:

)F w, root = )F w, nom A (1+6e/a)

e = excentricity between plate and weld throat a

An analysis by effective notch stress procedure is re-
commended",assets/details/iiw-062-t01-d01.png,extracted_not_engineering_validated
iiw-062-t01-d02,iiw,62,3.2-1,421,steel: 36; aluminium: 12,"Splice of rolled section with intermedia-
te plate, fillet welds,
weld root crack.
Analysis base on stress in weld throat.",,assets/details/iiw-062-t01-d02.png,extracted_not_engineering_validated
iiw-062-t01-d03,iiw,62,3.2-1,422,"steel: 56
50; aluminium: 22
20","Splice of circular hollow section with
intermediate plate, singlesided butt
weld, toe crack
        wall thickness > 8 mm
        wall thickness < 8 mm","Welds NDT inspected in order to ensure full root pene-
tration.",assets/details/iiw-062-t01-d03.png,extracted_not_engineering_validated
iiw-063-t01-d01,iiw,63,3.2-1,423,"steel: 45
40; aluminium: 16
14","Splice of circular hollow section with
intermediate plate, fillet weld, root
crack. Analysis based on stress in weld
throat.

        wall thickness > 8 mm
        wall thickness < 8 mm",,assets/details/iiw-063-t01-d01.png,extracted_not_engineering_validated
iiw-063-t01-d02,iiw,63,3.2-1,424,"steel: 50
45; aluminium: 20
18","Splice of rectangular hollow section,
single-sided butt weld, toe crack
        wall thickness > 8 mm
        wall thickness < 8 mm","Welds NDT inspected in order to ensure full root pene-
tration.",assets/details/iiw-063-t01-d02.png,extracted_not_engineering_validated
iiw-063-t01-d03,iiw,63,3.2-1,425,"steel: 40
36; aluminium: 16
14","Splice of rectangular hollow section
with intermediate plate, fillet welds,
root crack
        wall thickness > 8 mm
        wall thickness < 8 mm",,assets/details/iiw-063-t01-d03.png,extracted_not_engineering_validated
iiw-064-t01-d01,iiw,64,3.2-1,431,steel: ---; aluminium: ---,"Weld connecting web and flange, loa-
ded by a concentrated force in web pla-
ne perpendicular to weld. Force distri-
buted on width b = 2Ah + 50 mm.
Assessment according to no. 411 - 414.
A local bending due to eccentric load
should be considered.",Full penetration butt weld.,assets/details/iiw-064-t01-d01.png,extracted_not_engineering_validated
iiw-064-t01-d02,iiw,64,3.2-1,511,"steel: 100
100
80
71; aluminium: 36
36
28
25","Transverse non-load-carrying attach-
ment, not thicker than main plate
        K-butt weld, toe ground
       Two-sided fillets, toe ground
          Fillet weld(s), as welded
         thicker than main plate","Grinding parallel to stress



At one sided fillet welds, an angular misalignment cor-
responding to km = 1.2 is already covered",assets/details/iiw-064-t01-d02.png,extracted_not_engineering_validated
iiw-064-t01-d03,iiw,64,3.2-1,512,"steel: 100
100
80
71; aluminium: 36
36
28
25","Transverse stiffener welded on girder
web or flange, not thicker than main
plate.
        K-butt weld, toe ground
       Two-sided fillets, toe ground
           fillet weld(s): as welded
         thicker than main plate",For weld ends on web principle stress to be used,assets/details/iiw-064-t01-d03.png,extracted_not_engineering_validated
iiw-065-t01-d01,iiw,65,3.2-1,513,"steel: 80
71
63
50; aluminium: 28
25
20
18","Non-loadcarrying rectangular or circu-
lar flat attachments or studs
Non-loadcarrying studs, as welded

L # 50 mm
L >50 and # 150 mm
L >150 and # 300 mm
L > 300 mm",,assets/details/iiw-065-t01-d01.png,extracted_not_engineering_validated
iiw-065-t01-d02,iiw,65,3.2-1,514,steel: 71; aluminium: 25,"Trapezoidal stiffener to deck plate, full
penetration butt weld, calculated on
basis of stiffener thickness, out of plane
bending",,assets/details/iiw-065-t01-d02.png,extracted_not_engineering_validated
iiw-065-t01-d03,iiw,65,3.2-1,515,steel: 50; aluminium: 16,"Trapezoidal stiffener to deck plate, fillet
or partial penetration weld, out of plane
bending","Calculation on basis of stiffener thickness and weld
throat, whichever is smaller",assets/details/iiw-065-t01-d03.png,extracted_not_engineering_validated
iiw-066-t01-d01,iiw,66,3.2-1,521,"steel: 80
71
63
50; aluminium: 28
25
20
18","Longitudinal fillet welded gusset at
length l
                          l < 50 mm
                          l < 150 mm
                          l < 300 mm
                          l > 300 mm","For gusset near edge: see 525 ""flat side gusset""

If attachement thickness < 1/2 of base plat thickness,
then one step higher allowed (not for welded on profi-
les!)",assets/details/iiw-066-t01-d01.png,extracted_not_engineering_validated
iiw-066-t01-d02,iiw,66,3.2-1,522,steel: 90; aluminium: 32,"Longitudinal fillet welded gusset with
radius transition, end of fillet weld rein-
forced and ground,

        c < 2 t, max 25 mm
           r > 150 mm",t = thickness of attachment,assets/details/iiw-066-t01-d02.png,extracted_not_engineering_validated
iiw-066-t01-d03,iiw,66,3.2-1,523,"steel: 71
63; aluminium: 25
20","Longitudinal fillet welded gusset with
smooth transition (sniped end or radius)
welded on beam flange or plate. c < 2 -
t, max 25 mm

           r > 0.5 h
           r < 0.5 h or n < 20°","t = thickness of attachment

If attachement thickness < 1/2 of base plat thickness,
then one step higher allowed (not for welded on profi-
les!)",assets/details/iiw-066-t01-d03.png,extracted_not_engineering_validated
iiw-067-t01-d01,iiw,67,3.2-1,524,"steel: 50
45; aluminium: t = thickness of attachment

For t2 < 0.7 t1, FAT rises 12%","Longitudinal flat side gusset welded on
plate edge or beam flange edge, with
smooth transition (sniped end or radi-
us). c < 2t2, max. 25 mm

           r > 0.5 h
           r < 0.5 h or n < 20°",,assets/details/iiw-067-t01-d01.png,extracted_not_engineering_validated
iiw-067-t01-d02,iiw,67,3.2-1,525,"steel: 50
45
40; aluminium: For t2 < 0.7 t1, FAT rises 12%","Longitudinal flat side gusset welded on
plate or beam flange edge, gusset length
l:
                          l < 150 mm
                          l < 300 mm
                          l > 300 mm",,assets/details/iiw-067-t01-d02.png,extracted_not_engineering_validated
iiw-067-t01-d03,iiw,67,3.2-1,526,"steel: 90
71
50; aluminium: Smooth transition radius formed by grinding the weld
area in transition in order to temove the weld toe com-
pletely. Grinding parallel to stress.","Longitudinal flat side gusset welded on
edge of plate or beam flange, radius
transition ground.
       r>150 or r/w > 1/3
        1/6 < r/w < 1/3
        r/w < 1/6",,assets/details/iiw-067-t01-d03.png,extracted_not_engineering_validated
iiw-067-t01-d04,iiw,67,3.2-1,531,"steel: 71; aluminium: Non load-carrying welds. Width parallel to stress direc-
tion < 100 mm.","Circular or rectangular hollow section,
fillet welded to another section. Section
width parallel to stress direction < 100
mm, else like longitudinal attachment",,assets/details/iiw-067-t01-d04.png,extracted_not_engineering_validated
iiw-068-t01-d01,iiw,68,3.2-1,611,"aluminium: 22
16; steel: 63
45","Transverse loaded lap joint with fillet
welds
        Fatigue of parent metal
        Fatigue of weld throat","Stresses to be calculated in the main plate using a plate
width equalling the weld length.
Buckling avoided by loading or design!",assets/details/iiw-068-t01-d01.png,extracted_not_engineering_validated
iiw-068-t01-d02,iiw,68,3.2-1,612,"aluminium: 18

18; steel: 50

50","Longitudinally loaded lap joint with
side fillet welds
        Fatigue of parent metal
        Fatigue of weld (calc. on max.
       weld length of 40 times the
         throat of the weld","Weld terminations more than 10 mm from plate edge.
Buckling avoided by loading or design!

For verification of parent metal, the higher stress of
both members has to be taken.",assets/details/iiw-068-t01-d02.png,extracted_not_engineering_validated
iiw-068-t01-d03,iiw,68,3.2-1,613,"aluminium: 22
20
18; steel: 63
56
50","Lap joint gusset, fillet welded, non-
load-carrying, with smooth transition
(sniped end with n<20° or radius),
welded to loaded element c<2At,
but c <= 25 mm
         to flat bar
         to bulb section
         to angle section",t = thickness of gusset plate,assets/details/iiw-068-t01-d03.png,extracted_not_engineering_validated
iiw-068-t01-d04,iiw,68,3.2-1,614,"aluminium: 22

12; steel: 63

36","Transverse loaded overlap joint with
fillet welds.
Stress in plate at weld toe (toe crack)

Stress in weld throat (root crack)","Stresses to be calculated using a plate width equalling
the weld length.
For stress in plate, excenticity to be considered, as gi-
ven in chapters 3.8.2 and 6.3.
Both failure modes have to be assessed separately.",assets/details/iiw-068-t01-d04.png,extracted_not_engineering_validated
iiw-069-t01-d01,iiw,69,3.2-1,711,"steel: 56
50
45; aluminium: 20
18
16","End of long doubling plate on I-beam,
welded ends (based on stress range in
flange at weld toe)
          tD # 0.8 t
         0.8 t < tD # 1.5 t
          tD > 1.5 t",,assets/details/iiw-069-t01-d01.png,extracted_not_engineering_validated
iiw-069-t01-d02,iiw,69,3.2-1,712,"steel: 71
63
56; aluminium: 28
25
22","End of long doubling plate on beam,
reinforced welded ends ground (based
on stress range in flange at weld toe)
          tD # 0.8 t
         0.8 t < tD # 1.5 t
          tD > 1.5 t",,assets/details/iiw-069-t01-d02.png,extracted_not_engineering_validated
iiw-069-t01-d03,iiw,69,3.2-1,721,steel: 50; aluminium: 20,"End of reinforcement plate on rectangu-
lar hollow section.

  wall thickness:
     t < 25 mm",,assets/details/iiw-069-t01-d03.png,extracted_not_engineering_validated
iiw-070-t01-d01,iiw,70,3.2-1,731,"steel: 80
71; aluminium: 32
25","Reinforcements welded on with fillet
welds, toe ground
Toe as welded","Grinding in direction of stress!

Analysis based on modified nominal stress, however,
structural stress approach recommended.",assets/details/iiw-070-t01-d01.png,extracted_not_engineering_validated
iiw-070-t01-d02,iiw,70,3.2-1,811,steel: 71; aluminium: 25,"Stiff block flange, full penetration weld",,assets/details/iiw-070-t01-d02.png,extracted_not_engineering_validated
iiw-070-t01-d03,iiw,70,3.2-1,812,"steel: 63
36; aluminium: 22
12","Stiff block flange, partial penetration or
fillet weld
         toe crack in plate
         root crack in weld throat",,assets/details/iiw-070-t01-d03.png,extracted_not_engineering_validated
iiw-071-t01-d01,iiw,71,3.2-1,821,steel: 71; aluminium: 25,"Flat flange with > 80% full penetration
butt welds, modified nominal stress in
pipe, toe crack",Assessment by structural hot spot is recommended.,assets/details/iiw-071-t01-d01.png,extracted_not_engineering_validated
iiw-071-t01-d02,iiw,71,3.2-1,822,steel: 63; aluminium: 22,"Flat flange with fillet welds, modified
nominal stress in pipe, toe crack.",Assessment by structural hot spot is recommended.,assets/details/iiw-071-t01-d02.png,extracted_not_engineering_validated
iiw-071-t01-d03,iiw,71,3.2-1,831,steel: 80; aluminium: 28,"Tubular branch or pipe penetrating a
plate, K-butt welds.","If diameter > 50 mm, stress concentration of cutout has
to be considered

Assessment by structural hot spot is recommended.",assets/details/iiw-071-t01-d03.png,extracted_not_engineering_validated
iiw-071-t01-d04,iiw,71,3.2-1,832,"steel: 71


36; aluminium: 25


12","Tubular branch or pipe penetrating a
plate, fillet welds. Toe cracks.

Root cracks (analysis based on stress in
weld throat)","If diameter > 50 mm, stress concentration of cutout has
to be considered

Assessment by structural hot spot is recommended.",assets/details/iiw-071-t01-d04.png,extracted_not_engineering_validated
iiw-072-t01-d01,iiw,72,3.2-1,841,steel: 71; aluminium: 25,"Nozzle welded on plate, root pass re-
moved by drilling.","If diameter > 50 mm, stress concentration of cutout has
to be considered

Assessment by structural hot spot is recommended.",assets/details/iiw-072-t01-d01.png,extracted_not_engineering_validated
iiw-072-t01-d02,iiw,72,3.2-1,842,steel: 63; aluminium: 22,"Nozzle welded on pipe, root pass as
welded.","If diameter > 50 mm, stress concentration of cutout has
to be considered

Assessment by structural hot spot is recommended.",assets/details/iiw-072-t01-d02.png,extracted_not_engineering_validated
iiw-072-t01-d03,iiw,72,3.2-1,911,steel: 63; aluminium: 22,"Circular hollow section butt joint to
massive bar, as welded","Root of weld has to penetrate into the massive bar in
order to avoid a gap perpenticular to the stress directi-
on.",assets/details/iiw-072-t01-d03.png,extracted_not_engineering_validated
iiw-073-t01-d01,iiw,73,3.2-1,912,steel: 63; aluminium: 22,"Circular hollow section welded to com-
ponent with single side butt weld, ba-
cking provided.
Root crack.","Root of weld has to penetrate into the backing area in
order to avoid a gap perpenticular to the stress directi-
on.",assets/details/iiw-073-t01-d01.png,extracted_not_engineering_validated
iiw-073-t01-d02,iiw,73,3.2-1,913,steel: 50; aluminium: 18,"Circular hollow section welded to com-
ponent single sided butt weld or double
fillet welds.
Root crack.","Impairment of inspection of root cracks by NDT may
be compensated by adequate safety considerations (see
chapter 5) or by downgrading down to 2 FAT classes.",assets/details/iiw-073-t01-d02.png,extracted_not_engineering_validated
iiw-073-t01-d03,iiw,73,3.2-1,921,"steel: 90
90
71; aluminium: 32
32
25","Circular hollow section with welded on
disk
        K-butt weld, toe ground
          Fillet weld, toe ground
          Fillet welds, as welded",Non load-carrying weld.,assets/details/iiw-073-t01-d03.png,extracted_not_engineering_validated
iiw-074-t01-d01,iiw,74,3.2-1,931,steel: 62; aluminium: 18,"Tube-plate joint, tubes flattened, butt
weld (X-groove)

 Tube diameter < 200 mm and
 plate thickness < 20 mm",,assets/details/iiw-074-t01-d01.png,extracted_not_engineering_validated
iiw-074-t01-d02,iiw,74,3.2-1,932,"steel: 63

45; aluminium: 18

14","Tube-plate joint, tube slitted and wel-
ded to plate

 tube diameter < 200 mm and
 plate thickness < 20 mm
 tube diameter > 200 mm or
 plate thickness > 20 mm",,assets/details/iiw-074-t01-d02.png,extracted_not_engineering_validated
